title,link,latitude,longitude,depth,magnitude,time,timezone,description
"ประเทศเมียนมา Myanmar",https://earthquake.tmd.go.th//EQ17024,16.63,95.97,10,3.4,2026-09-01T16:34:16.000Z,Asia/Bangkok,"[EN] Minor Earthquake (3.4 ML) - SAFETY ADVICE: No special actions needed: Earthquake likely only felt by sensitive individuals at rest, especially on upper floors of buildings. Be mindful of your surroundings and stay informed.

[TH] แผ่นดินไหวระดับMinor (3.4 ML) - คำแนะนำความปลอดภัย: ไม่จำเป็นต้องดำเนินการพิเศษ: แผ่นดินไหวมักจะรู้สึกได้เฉพาะบุคคลที่ไวต่อความรู้สึกขณะพัก โดยเฉพาะบนชั้นบนของอาคาร ให้ระมัดระวังสิ่งรอบตัวและติดตามข้อมูล"
"ต.ห้วยปูลิง อ.เมืองแม่ฮ่องสอน จ.แม่ฮ่องสอน Tambon Huai Pu Ling, Amphoe MueangMaeHongSon, MaeHongSon",https://earthquake.tmd.go.th//EQ17023,19.37,98.13,7,1.6,2026-09-01T04:27:14.000Z,Asia/Bangkok,"[EN] Micro Earthquake (1.6 ML) - SAFETY ADVICE: No action required: These micro-earthquakes are rarely felt and pose no danger. They are only detectable by seismographs.

[TH] แผ่นดินไหวระดับMicro (1.6 ML) - คำแนะนำความปลอดภัย: ไม่จำเป็นต้องดำเนินการใดๆ: แผ่นดินไหวขนาดเล็กมากเหล่านี้แทบจะไม่รู้สึกและไม่ก่อให้เกิดอันตราย สามารถตรวจพบได้โดยเครื่องวัดแผ่นดินไหวเท่านั้น"
"หมู่เกาะนิโคบาร์ ประเทศอินเดีย Nicobar Islands, India Region",https://earthquake.tmd.go.th//EQ17022,7.87,96.36,10,3.6,2026-08-31T21:32:44.000Z,Asia/Bangkok,"[EN] Minor Earthquake (3.6 ML) - SAFETY ADVICE: No special actions needed: Earthquake likely only felt by sensitive individuals at rest, especially on upper floors of buildings. Be mindful of your surroundings and stay informed.

[TH] แผ่นดินไหวระดับMinor (3.6 ML) - คำแนะนำความปลอดภัย: ไม่จำเป็นต้องดำเนินการพิเศษ: แผ่นดินไหวมักจะรู้สึกได้เฉพาะบุคคลที่ไวต่อความรู้สึกขณะพัก โดยเฉพาะบนชั้นบนของอาคาร ให้ระมัดระวังสิ่งรอบตัวและติดตามข้อมูล"
"ประเทศเวียดนาม Vietnam",https://earthquake.tmd.go.th//EQ17020,14.94,107.6,10,3.4,2026-08-30T19:50:13.000Z,Asia/Bangkok,"[EN] Minor Earthquake (3.4 ML) - SAFETY ADVICE: No special actions needed: Earthquake likely only felt by sensitive individuals at rest, especially on upper floors of buildings. Be mindful of your surroundings and stay informed.

[TH] แผ่นดินไหวระดับMinor (3.4 ML) - คำแนะนำความปลอดภัย: ไม่จำเป็นต้องดำเนินการพิเศษ: แผ่นดินไหวมักจะรู้สึกได้เฉพาะบุคคลที่ไวต่อความรู้สึกขณะพัก โดยเฉพาะบนชั้นบนของอาคาร ให้ระมัดระวังสิ่งรอบตัวและติดตามข้อมูล"
"ประเทศเวียดนาม Vietnam",https://earthquake.tmd.go.th//EQ17021,15.03,107.55,10,2.9,2026-08-30T19:22:56.000Z,Asia/Bangkok,"[EN] Micro Earthquake (2.9 ML) - SAFETY ADVICE: No action required: These micro-earthquakes are rarely felt and pose no danger. They are only detectable by seismographs.

[TH] แผ่นดินไหวระดับMicro (2.9 ML) - คำแนะนำความปลอดภัย: ไม่จำเป็นต้องดำเนินการใดๆ: แผ่นดินไหวขนาดเล็กมากเหล่านี้แทบจะไม่รู้สึกและไม่ก่อให้เกิดอันตราย สามารถตรวจพบได้โดยเครื่องวัดแผ่นดินไหวเท่านั้น"
"ประเทศเมียนมา Myanmar",https://earthquake.tmd.go.th//EQ17019,20.32,98.64,10,2.3,2026-08-30T18:35:35.000Z,Asia/Bangkok,"[EN] Micro Earthquake (2.3 ML) - SAFETY ADVICE: No action required: These micro-earthquakes are rarely felt and pose no danger. They are only detectable by seismographs.

[TH] แผ่นดินไหวระดับMicro (2.3 ML) - คำแนะนำความปลอดภัย: ไม่จำเป็นต้องดำเนินการใดๆ: แผ่นดินไหวขนาดเล็กมากเหล่านี้แทบจะไม่รู้สึกและไม่ก่อให้เกิดอันตราย สามารถตรวจพบได้โดยเครื่องวัดแผ่นดินไหวเท่านั้น"
"ประเทศเมียนมา Myanmar",https://earthquake.tmd.go.th//EQ17018,20.24,98.62,10,1.7,2026-08-30T18:14:29.000Z,Asia/Bangkok,"[EN] Micro Earthquake (1.7 ML) - SAFETY ADVICE: No action required: These micro-earthquakes are rarely felt and pose no danger. They are only detectable by seismographs.

[TH] แผ่นดินไหวระดับMicro (1.7 ML) - คำแนะนำความปลอดภัย: ไม่จำเป็นต้องดำเนินการใดๆ: แผ่นดินไหวขนาดเล็กมากเหล่านี้แทบจะไม่รู้สึกและไม่ก่อให้เกิดอันตราย สามารถตรวจพบได้โดยเครื่องวัดแผ่นดินไหวเท่านั้น"
"ประเทศเวียดนาม Vietnam",https://earthquake.tmd.go.th//EQ17017,14.97,107.9,10,4.8,2026-08-30T17:41:23.000Z,Asia/Bangkok,"[EN] Light Earthquake (4.8 ML) - SAFETY ADVICE: Stay alert: Be aware of possible light shaking. Secure loose objects that could fall. No immediate action typically needed, but be prepared to take cover if shaking intensifies.

[TH] แผ่นดินไหวระดับLight (4.8 ML) - คำแนะนำความปลอดภัย: เตรียมพร้อม: ระวังการสั่นไหวเล็กน้อยที่อาจเกิดขึ้น ยึดวัตถุที่อาจร่วงหล่น โดยทั่วไปไม่จำเป็นต้องดำเนินการทันที แต่เตรียมพร้อมที่จะหาที่กำบังหากการสั่นไหวรุนแรงขึ้น"
"ประเทศเมียนมา Myanmar",https://earthquake.tmd.go.th//EQ17014,19.78,96.59,10,2.3,2026-08-28T20:35:49.000Z,Asia/Bangkok,"[EN] Micro Earthquake (2.3 ML) - SAFETY ADVICE: No action required: These micro-earthquakes are rarely felt and pose no danger. They are only detectable by seismographs.

[TH] แผ่นดินไหวระดับMicro (2.3 ML) - คำแนะนำความปลอดภัย: ไม่จำเป็นต้องดำเนินการใดๆ: แผ่นดินไหวขนาดเล็กมากเหล่านี้แทบจะไม่รู้สึกและไม่ก่อให้เกิดอันตราย สามารถตรวจพบได้โดยเครื่องวัดแผ่นดินไหวเท่านั้น"
"ประเทศเมียนมา Myanmar",https://earthquake.tmd.go.th//EQ17013,23.04,97.81,5,3.4,2026-08-28T19:43:38.000Z,Asia/Bangkok,"[EN] Minor Earthquake (3.4 ML) - SAFETY ADVICE: No special actions needed: Earthquake likely only felt by sensitive individuals at rest, especially on upper floors of buildings. Be mindful of your surroundings and stay informed.

[TH] แผ่นดินไหวระดับMinor (3.4 ML) - คำแนะนำความปลอดภัย: ไม่จำเป็นต้องดำเนินการพิเศษ: แผ่นดินไหวมักจะรู้สึกได้เฉพาะบุคคลที่ไวต่อความรู้สึกขณะพัก โดยเฉพาะบนชั้นบนของอาคาร ให้ระมัดระวังสิ่งรอบตัวและติดตามข้อมูล"
"ประเทศลาว Laos",https://earthquake.tmd.go.th//EQ17015,19.67,101.04,4,1.7,2026-08-28T19:36:51.000Z,Asia/Bangkok,"[EN] Micro Earthquake (1.7 ML) - SAFETY ADVICE: No action required: These micro-earthquakes are rarely felt and pose no danger. They are only detectable by seismographs.

[TH] แผ่นดินไหวระดับMicro (1.7 ML) - คำแนะนำความปลอดภัย: ไม่จำเป็นต้องดำเนินการใดๆ: แผ่นดินไหวขนาดเล็กมากเหล่านี้แทบจะไม่รู้สึกและไม่ก่อให้เกิดอันตราย สามารถตรวจพบได้โดยเครื่องวัดแผ่นดินไหวเท่านั้น"
"ประเทศเวียดนาม Vietnam",https://earthquake.tmd.go.th//EQ17016,15.05,107.67,10,2.9,2026-08-28T18:58:09.000Z,Asia/Bangkok,"[EN] Micro Earthquake (2.9 ML) - SAFETY ADVICE: No action required: These micro-earthquakes are rarely felt and pose no danger. They are only detectable by seismographs.

[TH] แผ่นดินไหวระดับMicro (2.9 ML) - คำแนะนำความปลอดภัย: ไม่จำเป็นต้องดำเนินการใดๆ: แผ่นดินไหวขนาดเล็กมากเหล่านี้แทบจะไม่รู้สึกและไม่ก่อให้เกิดอันตราย สามารถตรวจพบได้โดยเครื่องวัดแผ่นดินไหวเท่านั้น"
"ประเทศเวียดนาม Vietnam",https://earthquake.tmd.go.th//EQ17012,15.06,107.64,10,4.2,2026-08-28T10:38:56.000Z,Asia/Bangkok,"[EN] Light Earthquake (4.2 ML) - SAFETY ADVICE: Stay alert: Be aware of possible light shaking. Secure loose objects that could fall. No immediate action typically needed, but be prepared to take cover if shaking intensifies.

[TH] แผ่นดินไหวระดับLight (4.2 ML) - คำแนะนำความปลอดภัย: เตรียมพร้อม: ระวังการสั่นไหวเล็กน้อยที่อาจเกิดขึ้น ยึดวัตถุที่อาจร่วงหล่น โดยทั่วไปไม่จำเป็นต้องดำเนินการทันที แต่เตรียมพร้อมที่จะหาที่กำบังหากการสั่นไหวรุนแรงขึ้น"
"นอกชายฝั่งทางตอนใต้ของประเทศเมียนมา Off South Coast of Myanmar",https://earthquake.tmd.go.th//EQ17011,15.24,96.38,10,3.6,2026-08-28T07:06:50.000Z,Asia/Bangkok,"[EN] Minor Earthquake (3.6 ML) - SAFETY ADVICE: No special actions needed: Earthquake likely only felt by sensitive individuals at rest, especially on upper floors of buildings. Be mindful of your surroundings and stay informed.

[TH] แผ่นดินไหวระดับMinor (3.6 ML) - คำแนะนำความปลอดภัย: ไม่จำเป็นต้องดำเนินการพิเศษ: แผ่นดินไหวมักจะรู้สึกได้เฉพาะบุคคลที่ไวต่อความรู้สึกขณะพัก โดยเฉพาะบนชั้นบนของอาคาร ให้ระมัดระวังสิ่งรอบตัวและติดตามข้อมูล"
"ประเทศเมียนมา Myanmar",https://earthquake.tmd.go.th//EQ17010,19.82,96.38,10,2.5,2026-08-28T05:12:00.000Z,Asia/Bangkok,"[EN] Micro Earthquake (2.5 ML) - SAFETY ADVICE: No action required: These micro-earthquakes are rarely felt and pose no danger. They are only detectable by seismographs.

[TH] แผ่นดินไหวระดับMicro (2.5 ML) - คำแนะนำความปลอดภัย: ไม่จำเป็นต้องดำเนินการใดๆ: แผ่นดินไหวขนาดเล็กมากเหล่านี้แทบจะไม่รู้สึกและไม่ก่อให้เกิดอันตราย สามารถตรวจพบได้โดยเครื่องวัดแผ่นดินไหวเท่านั้น"
"ประเทศเมียนมา Myanmar",https://earthquake.tmd.go.th//EQ17009,19.76,96.26,10,2.9,2026-08-28T00:33:52.000Z,Asia/Bangkok,"[EN] Micro Earthquake (2.9 ML) - SAFETY ADVICE: No action required: These micro-earthquakes are rarely felt and pose no danger. They are only detectable by seismographs.

[TH] แผ่นดินไหวระดับMicro (2.9 ML) - คำแนะนำความปลอดภัย: ไม่จำเป็นต้องดำเนินการใดๆ: แผ่นดินไหวขนาดเล็กมากเหล่านี้แทบจะไม่รู้สึกและไม่ก่อให้เกิดอันตราย สามารถตรวจพบได้โดยเครื่องวัดแผ่นดินไหวเท่านั้น"
"ประเทศเมียนมา Myanmar",https://earthquake.tmd.go.th//EQ17008,18.85,96.34,9,2.6,2026-08-27T20:25:17.000Z,Asia/Bangkok,"[EN] Micro Earthquake (2.6 ML) - SAFETY ADVICE: No action required: These micro-earthquakes are rarely felt and pose no danger. They are only detectable by seismographs.

[TH] แผ่นดินไหวระดับMicro (2.6 ML) - คำแนะนำความปลอดภัย: ไม่จำเป็นต้องดำเนินการใดๆ: แผ่นดินไหวขนาดเล็กมากเหล่านี้แทบจะไม่รู้สึกและไม่ก่อให้เกิดอันตราย สามารถตรวจพบได้โดยเครื่องวัดแผ่นดินไหวเท่านั้น"
"ประเทศมาเลเซีย Malaysia",https://earthquake.tmd.go.th//EQ17007,5.45,101.41,8,3.5,2026-08-27T16:06:10.000Z,Asia/Bangkok,"[EN] Minor Earthquake (3.5 ML) - SAFETY ADVICE: No special actions needed: Earthquake likely only felt by sensitive individuals at rest, especially on upper floors of buildings. Be mindful of your surroundings and stay informed.

[TH] แผ่นดินไหวระดับMinor (3.5 ML) - คำแนะนำความปลอดภัย: ไม่จำเป็นต้องดำเนินการพิเศษ: แผ่นดินไหวมักจะรู้สึกได้เฉพาะบุคคลที่ไวต่อความรู้สึกขณะพัก โดยเฉพาะบนชั้นบนของอาคาร ให้ระมัดระวังสิ่งรอบตัวและติดตามข้อมูล"
"ประเทศเมียนมา Myanmar",https://earthquake.tmd.go.th//EQ17006,21.1,100.54,10,2.6,2026-08-27T14:34:08.000Z,Asia/Bangkok,"[EN] Micro Earthquake (2.6 ML) - SAFETY ADVICE: No action required: These micro-earthquakes are rarely felt and pose no danger. They are only detectable by seismographs.

[TH] แผ่นดินไหวระดับMicro (2.6 ML) - คำแนะนำความปลอดภัย: ไม่จำเป็นต้องดำเนินการใดๆ: แผ่นดินไหวขนาดเล็กมากเหล่านี้แทบจะไม่รู้สึกและไม่ก่อให้เกิดอันตราย สามารถตรวจพบได้โดยเครื่องวัดแผ่นดินไหวเท่านั้น"
"ประเทศเมียนมา Myanmar",https://earthquake.tmd.go.th//EQ17005,19.77,96.37,10,2.7,2026-08-27T10:45:18.000Z,Asia/Bangkok,"[EN] Micro Earthquake (2.7 ML) - SAFETY ADVICE: No action required: These micro-earthquakes are rarely felt and pose no danger. They are only detectable by seismographs.

[TH] แผ่นดินไหวระดับMicro (2.7 ML) - คำแนะนำความปลอดภัย: ไม่จำเป็นต้องดำเนินการใดๆ: แผ่นดินไหวขนาดเล็กมากเหล่านี้แทบจะไม่รู้สึกและไม่ก่อให้เกิดอันตราย สามารถตรวจพบได้โดยเครื่องวัดแผ่นดินไหวเท่านั้น"
"ต.เมืองงาย อ.เชียงดาว จ.เชียงใหม่ Tambon Mueang Ngai, Amphoe ChiangDao, ChiangMai",https://earthquake.tmd.go.th//EQ17004,19.45,98.91,1,1.6,2026-08-27T07:35:14.000Z,Asia/Bangkok,"[EN] Micro Earthquake (1.6 ML) - SAFETY ADVICE: No action required: These micro-earthquakes are rarely felt and pose no danger. They are only detectable by seismographs.

[TH] แผ่นดินไหวระดับMicro (1.6 ML) - คำแนะนำความปลอดภัย: ไม่จำเป็นต้องดำเนินการใดๆ: แผ่นดินไหวขนาดเล็กมากเหล่านี้แทบจะไม่รู้สึกและไม่ก่อให้เกิดอันตราย สามารถตรวจพบได้โดยเครื่องวัดแผ่นดินไหวเท่านั้น"
"ประเทศลาว Laos",https://earthquake.tmd.go.th//EQ17003,22.22,102.23,10,4.3,2026-08-26T19:21:25.000Z,Asia/Bangkok,"[EN] Light Earthquake (4.3 ML) - SAFETY ADVICE: Stay alert: Be aware of possible light shaking. Secure loose objects that could fall. No immediate action typically needed, but be prepared to take cover if shaking intensifies.

[TH] แผ่นดินไหวระดับLight (4.3 ML) - คำแนะนำความปลอดภัย: เตรียมพร้อม: ระวังการสั่นไหวเล็กน้อยที่อาจเกิดขึ้น ยึดวัตถุที่อาจร่วงหล่น โดยทั่วไปไม่จำเป็นต้องดำเนินการทันที แต่เตรียมพร้อมที่จะหาที่กำบังหากการสั่นไหวรุนแรงขึ้น"
"ประเทศเมียนมา Myanmar",https://earthquake.tmd.go.th//EQ17002,19.04,97.58,7,2,2026-08-26T06:22:57.000Z,Asia/Bangkok,"[EN] Micro Earthquake (2.0 ML) - SAFETY ADVICE: No action required: These micro-earthquakes are rarely felt and pose no danger. They are only detectable by seismographs.

[TH] แผ่นดินไหวระดับMicro (2.0 ML) - คำแนะนำความปลอดภัย: ไม่จำเป็นต้องดำเนินการใดๆ: แผ่นดินไหวขนาดเล็กมากเหล่านี้แทบจะไม่รู้สึกและไม่ก่อให้เกิดอันตราย สามารถตรวจพบได้โดยเครื่องวัดแผ่นดินไหวเท่านั้น"
"ประเทศเมียนมา Myanmar",https://earthquake.tmd.go.th//EQ17001,22.54,96.13,10,4,2026-08-25T22:32:29.000Z,Asia/Bangkok,"[EN] Light Earthquake (4.0 ML) - SAFETY ADVICE: Stay alert: Be aware of possible light shaking. Secure loose objects that could fall. No immediate action typically needed, but be prepared to take cover if shaking intensifies.

[TH] แผ่นดินไหวระดับLight (4.0 ML) - คำแนะนำความปลอดภัย: เตรียมพร้อม: ระวังการสั่นไหวเล็กน้อยที่อาจเกิดขึ้น ยึดวัตถุที่อาจร่วงหล่น โดยทั่วไปไม่จำเป็นต้องดำเนินการทันที แต่เตรียมพร้อมที่จะหาที่กำบังหากการสั่นไหวรุนแรงขึ้น"
"ประเทศเมียนมา Myanmar",https://earthquake.tmd.go.th//EQ17000,22.44,95.96,10,4.3,2026-08-25T21:35:45.000Z,Asia/Bangkok,"[EN] Light Earthquake (4.3 ML) - SAFETY ADVICE: Stay alert: Be aware of possible light shaking. Secure loose objects that could fall. No immediate action typically needed, but be prepared to take cover if shaking intensifies.

[TH] แผ่นดินไหวระดับLight (4.3 ML) - คำแนะนำความปลอดภัย: เตรียมพร้อม: ระวังการสั่นไหวเล็กน้อยที่อาจเกิดขึ้น ยึดวัตถุที่อาจร่วงหล่น โดยทั่วไปไม่จำเป็นต้องดำเนินการทันที แต่เตรียมพร้อมที่จะหาที่กำบังหากการสั่นไหวรุนแรงขึ้น"
"ต.หนองหาร อ.สันทราย จ.เชียงใหม่ Tambon Nong Han, Amphoe SanSai, ChiangMai",https://earthquake.tmd.go.th//EQ16999,18.97,99.03,1,1.8,2026-08-25T10:10:06.000Z,Asia/Bangkok,"[EN] Micro Earthquake (1.8 ML) - SAFETY ADVICE: No action required: These micro-earthquakes are rarely felt and pose no danger. They are only detectable by seismographs.

[TH] แผ่นดินไหวระดับMicro (1.8 ML) - คำแนะนำความปลอดภัย: ไม่จำเป็นต้องดำเนินการใดๆ: แผ่นดินไหวขนาดเล็กมากเหล่านี้แทบจะไม่รู้สึกและไม่ก่อให้เกิดอันตราย สามารถตรวจพบได้โดยเครื่องวัดแผ่นดินไหวเท่านั้น"
"ประเทศเมียนมา Myanmar",https://earthquake.tmd.go.th//EQ16998,17.79,96.33,10,4.6,2026-08-23T03:44:58.000Z,Asia/Bangkok,"[EN] Light Earthquake (4.6 ML) - SAFETY ADVICE: Stay alert: Be aware of possible light shaking. Secure loose objects that could fall. No immediate action typically needed, but be prepared to take cover if shaking intensifies.

[TH] แผ่นดินไหวระดับLight (4.6 ML) - คำแนะนำความปลอดภัย: เตรียมพร้อม: ระวังการสั่นไหวเล็กน้อยที่อาจเกิดขึ้น ยึดวัตถุที่อาจร่วงหล่น โดยทั่วไปไม่จำเป็นต้องดำเนินการทันที แต่เตรียมพร้อมที่จะหาที่กำบังหากการสั่นไหวรุนแรงขึ้น"
"ประเทศเมียนมา Myanmar",https://earthquake.tmd.go.th//EQ16997,17.86,96.17,10,4,2026-08-23T03:32:22.000Z,Asia/Bangkok,"[EN] Light Earthquake (4.0 ML) - SAFETY ADVICE: Stay alert: Be aware of possible light shaking. Secure loose objects that could fall. No immediate action typically needed, but be prepared to take cover if shaking intensifies.

[TH] แผ่นดินไหวระดับLight (4.0 ML) - คำแนะนำความปลอดภัย: เตรียมพร้อม: ระวังการสั่นไหวเล็กน้อยที่อาจเกิดขึ้น ยึดวัตถุที่อาจร่วงหล่น โดยทั่วไปไม่จำเป็นต้องดำเนินการทันที แต่เตรียมพร้อมที่จะหาที่กำบังหากการสั่นไหวรุนแรงขึ้น"
"ประเทศเมียนมา Myanmar",https://earthquake.tmd.go.th//EQ16996,21.7,96.08,10,2.7,2026-08-22T20:10:34.000Z,Asia/Bangkok,"[EN] Micro Earthquake (2.7 ML) - SAFETY ADVICE: No action required: These micro-earthquakes are rarely felt and pose no danger. They are only detectable by seismographs.

[TH] แผ่นดินไหวระดับMicro (2.7 ML) - คำแนะนำความปลอดภัย: ไม่จำเป็นต้องดำเนินการใดๆ: แผ่นดินไหวขนาดเล็กมากเหล่านี้แทบจะไม่รู้สึกและไม่ก่อให้เกิดอันตราย สามารถตรวจพบได้โดยเครื่องวัดแผ่นดินไหวเท่านั้น"
"ประเทศเมียนมา Myanmar",https://earthquake.tmd.go.th//EQ16995,20.99,100.5,5,2.2,2026-08-21T21:53:19.000Z,Asia/Bangkok,"[EN] Micro Earthquake (2.2 ML) - SAFETY ADVICE: No action required: These micro-earthquakes are rarely felt and pose no danger. They are only detectable by seismographs.

[TH] แผ่นดินไหวระดับMicro (2.2 ML) - คำแนะนำความปลอดภัย: ไม่จำเป็นต้องดำเนินการใดๆ: แผ่นดินไหวขนาดเล็กมากเหล่านี้แทบจะไม่รู้สึกและไม่ก่อให้เกิดอันตราย สามารถตรวจพบได้โดยเครื่องวัดแผ่นดินไหวเท่านั้น"
"ประเทศเมียนมา Myanmar",https://earthquake.tmd.go.th//EQ16994,20.34,99.49,1,1.8,2026-08-21T18:37:42.000Z,Asia/Bangkok,"[EN] Micro Earthquake (1.8 ML) - SAFETY ADVICE: No action required: These micro-earthquakes are rarely felt and pose no danger. They are only detectable by seismographs.

[TH] แผ่นดินไหวระดับMicro (1.8 ML) - คำแนะนำความปลอดภัย: ไม่จำเป็นต้องดำเนินการใดๆ: แผ่นดินไหวขนาดเล็กมากเหล่านี้แทบจะไม่รู้สึกและไม่ก่อให้เกิดอันตราย สามารถตรวจพบได้โดยเครื่องวัดแผ่นดินไหวเท่านั้น"
"ประเทศเมียนมา Myanmar",https://earthquake.tmd.go.th//EQ16992,20.08,96.25,10,3.2,2026-08-21T13:09:42.000Z,Asia/Bangkok,"[EN] Minor Earthquake (3.2 ML) - SAFETY ADVICE: No special actions needed: Earthquake likely only felt by sensitive individuals at rest, especially on upper floors of buildings. Be mindful of your surroundings and stay informed.

[TH] แผ่นดินไหวระดับMinor (3.2 ML) - คำแนะนำความปลอดภัย: ไม่จำเป็นต้องดำเนินการพิเศษ: แผ่นดินไหวมักจะรู้สึกได้เฉพาะบุคคลที่ไวต่อความรู้สึกขณะพัก โดยเฉพาะบนชั้นบนของอาคาร ให้ระมัดระวังสิ่งรอบตัวและติดตามข้อมูล"
"ประเทศเมียนมา Myanmar",https://earthquake.tmd.go.th//EQ16991,20.41,98.19,10,2.2,2026-08-21T10:29:49.000Z,Asia/Bangkok,"[EN] Micro Earthquake (2.2 ML) - SAFETY ADVICE: No action required: These micro-earthquakes are rarely felt and pose no danger. They are only detectable by seismographs.

[TH] แผ่นดินไหวระดับMicro (2.2 ML) - คำแนะนำความปลอดภัย: ไม่จำเป็นต้องดำเนินการใดๆ: แผ่นดินไหวขนาดเล็กมากเหล่านี้แทบจะไม่รู้สึกและไม่ก่อให้เกิดอันตราย สามารถตรวจพบได้โดยเครื่องวัดแผ่นดินไหวเท่านั้น"
"ประเทศเมียนมา Myanmar",https://earthquake.tmd.go.th//EQ16990,23.26,94.48,10,4.2,2026-08-21T10:12:42.000Z,Asia/Bangkok,"[EN] Light Earthquake (4.2 ML) - SAFETY ADVICE: Stay alert: Be aware of possible light shaking. Secure loose objects that could fall. No immediate action typically needed, but be prepared to take cover if shaking intensifies.

[TH] แผ่นดินไหวระดับLight (4.2 ML) - คำแนะนำความปลอดภัย: เตรียมพร้อม: ระวังการสั่นไหวเล็กน้อยที่อาจเกิดขึ้น ยึดวัตถุที่อาจร่วงหล่น โดยทั่วไปไม่จำเป็นต้องดำเนินการทันที แต่เตรียมพร้อมที่จะหาที่กำบังหากการสั่นไหวรุนแรงขึ้น"
"ประเทศเมียนมา Myanmar",https://earthquake.tmd.go.th//EQ16989,21.92,96.17,10,4.1,2026-08-21T09:09:03.000Z,Asia/Bangkok,"[EN] Light Earthquake (4.1 ML) - SAFETY ADVICE: Stay alert: Be aware of possible light shaking. Secure loose objects that could fall. No immediate action typically needed, but be prepared to take cover if shaking intensifies.

[TH] แผ่นดินไหวระดับLight (4.1 ML) - คำแนะนำความปลอดภัย: เตรียมพร้อม: ระวังการสั่นไหวเล็กน้อยที่อาจเกิดขึ้น ยึดวัตถุที่อาจร่วงหล่น โดยทั่วไปไม่จำเป็นต้องดำเนินการทันที แต่เตรียมพร้อมที่จะหาที่กำบังหากการสั่นไหวรุนแรงขึ้น"
"ประเทศเมียนมา Myanmar",https://earthquake.tmd.go.th//EQ16988,18.47,96.29,10,3.2,2026-08-21T00:03:22.000Z,Asia/Bangkok,"[EN] Minor Earthquake (3.2 ML) - SAFETY ADVICE: No special actions needed: Earthquake likely only felt by sensitive individuals at rest, especially on upper floors of buildings. Be mindful of your surroundings and stay informed.

[TH] แผ่นดินไหวระดับMinor (3.2 ML) - คำแนะนำความปลอดภัย: ไม่จำเป็นต้องดำเนินการพิเศษ: แผ่นดินไหวมักจะรู้สึกได้เฉพาะบุคคลที่ไวต่อความรู้สึกขณะพัก โดยเฉพาะบนชั้นบนของอาคาร ให้ระมัดระวังสิ่งรอบตัวและติดตามข้อมูล"
"ประเทศเมียนมา Myanmar",https://earthquake.tmd.go.th//EQ16987,20.89,100.45,10,1.9,2026-08-20T13:04:25.000Z,Asia/Bangkok,"[EN] Micro Earthquake (1.9 ML) - SAFETY ADVICE: No action required: These micro-earthquakes are rarely felt and pose no danger. They are only detectable by seismographs.

[TH] แผ่นดินไหวระดับMicro (1.9 ML) - คำแนะนำความปลอดภัย: ไม่จำเป็นต้องดำเนินการใดๆ: แผ่นดินไหวขนาดเล็กมากเหล่านี้แทบจะไม่รู้สึกและไม่ก่อให้เกิดอันตราย สามารถตรวจพบได้โดยเครื่องวัดแผ่นดินไหวเท่านั้น"
"ประเทศเมียนมา Myanmar",https://earthquake.tmd.go.th//EQ16986,20.42,98.24,10,2.8,2026-08-20T10:25:00.000Z,Asia/Bangkok,"[EN] Micro Earthquake (2.8 ML) - SAFETY ADVICE: No action required: These micro-earthquakes are rarely felt and pose no danger. They are only detectable by seismographs.

[TH] แผ่นดินไหวระดับMicro (2.8 ML) - คำแนะนำความปลอดภัย: ไม่จำเป็นต้องดำเนินการใดๆ: แผ่นดินไหวขนาดเล็กมากเหล่านี้แทบจะไม่รู้สึกและไม่ก่อให้เกิดอันตราย สามารถตรวจพบได้โดยเครื่องวัดแผ่นดินไหวเท่านั้น"
"ประเทศเมียนมา Myanmar",https://earthquake.tmd.go.th//EQ16985,19.6,96.42,10,3.1,2026-08-20T05:52:43.000Z,Asia/Bangkok,"[EN] Minor Earthquake (3.1 ML) - SAFETY ADVICE: No special actions needed: Earthquake likely only felt by sensitive individuals at rest, especially on upper floors of buildings. Be mindful of your surroundings and stay informed.

[TH] แผ่นดินไหวระดับMinor (3.1 ML) - คำแนะนำความปลอดภัย: ไม่จำเป็นต้องดำเนินการพิเศษ: แผ่นดินไหวมักจะรู้สึกได้เฉพาะบุคคลที่ไวต่อความรู้สึกขณะพัก โดยเฉพาะบนชั้นบนของอาคาร ให้ระมัดระวังสิ่งรอบตัวและติดตามข้อมูล"
"ประเทศเวียดนาม Vietnam",https://earthquake.tmd.go.th//EQ16984,15.29,108.19,10,3.1,2026-08-19T01:21:52.000Z,Asia/Bangkok,"[EN] Minor Earthquake (3.1 ML) - SAFETY ADVICE: No special actions needed: Earthquake likely only felt by sensitive individuals at rest, especially on upper floors of buildings. Be mindful of your surroundings and stay informed.

[TH] แผ่นดินไหวระดับMinor (3.1 ML) - คำแนะนำความปลอดภัย: ไม่จำเป็นต้องดำเนินการพิเศษ: แผ่นดินไหวมักจะรู้สึกได้เฉพาะบุคคลที่ไวต่อความรู้สึกขณะพัก โดยเฉพาะบนชั้นบนของอาคาร ให้ระมัดระวังสิ่งรอบตัวและติดตามข้อมูล"
"ประเทศเวียดนาม Vietnam",https://earthquake.tmd.go.th//EQ16983,15.44,107.56,10,3.3,2026-08-19T00:44:33.000Z,Asia/Bangkok,"[EN] Minor Earthquake (3.3 ML) - SAFETY ADVICE: No special actions needed: Earthquake likely only felt by sensitive individuals at rest, especially on upper floors of buildings. Be mindful of your surroundings and stay informed.

[TH] แผ่นดินไหวระดับMinor (3.3 ML) - คำแนะนำความปลอดภัย: ไม่จำเป็นต้องดำเนินการพิเศษ: แผ่นดินไหวมักจะรู้สึกได้เฉพาะบุคคลที่ไวต่อความรู้สึกขณะพัก โดยเฉพาะบนชั้นบนของอาคาร ให้ระมัดระวังสิ่งรอบตัวและติดตามข้อมูล"
"ประเทศเมียนมา Myanmar",https://earthquake.tmd.go.th//EQ16982,18.85,96.26,10,3.1,2026-08-18T13:39:31.000Z,Asia/Bangkok,"[EN] Minor Earthquake (3.1 ML) - SAFETY ADVICE: No special actions needed: Earthquake likely only felt by sensitive individuals at rest, especially on upper floors of buildings. Be mindful of your surroundings and stay informed.

[TH] แผ่นดินไหวระดับMinor (3.1 ML) - คำแนะนำความปลอดภัย: ไม่จำเป็นต้องดำเนินการพิเศษ: แผ่นดินไหวมักจะรู้สึกได้เฉพาะบุคคลที่ไวต่อความรู้สึกขณะพัก โดยเฉพาะบนชั้นบนของอาคาร ให้ระมัดระวังสิ่งรอบตัวและติดตามข้อมูล"
"ประเทศเมียนมา Myanmar",https://earthquake.tmd.go.th//EQ16981,19.89,96.42,10,3,2026-08-18T12:34:38.000Z,Asia/Bangkok,"[EN] Minor Earthquake (3.0 ML) - SAFETY ADVICE: No special actions needed: Earthquake likely only felt by sensitive individuals at rest, especially on upper floors of buildings. Be mindful of your surroundings and stay informed.

[TH] แผ่นดินไหวระดับMinor (3.0 ML) - คำแนะนำความปลอดภัย: ไม่จำเป็นต้องดำเนินการพิเศษ: แผ่นดินไหวมักจะรู้สึกได้เฉพาะบุคคลที่ไวต่อความรู้สึกขณะพัก โดยเฉพาะบนชั้นบนของอาคาร ให้ระมัดระวังสิ่งรอบตัวและติดตามข้อมูล"
"ประเทศเมียนมา Myanmar",https://earthquake.tmd.go.th//EQ16980,20.77,96.34,10,3.3,2026-08-18T11:31:07.000Z,Asia/Bangkok,"[EN] Minor Earthquake (3.3 ML) - SAFETY ADVICE: No special actions needed: Earthquake likely only felt by sensitive individuals at rest, especially on upper floors of buildings. Be mindful of your surroundings and stay informed.

[TH] แผ่นดินไหวระดับMinor (3.3 ML) - คำแนะนำความปลอดภัย: ไม่จำเป็นต้องดำเนินการพิเศษ: แผ่นดินไหวมักจะรู้สึกได้เฉพาะบุคคลที่ไวต่อความรู้สึกขณะพัก โดยเฉพาะบนชั้นบนของอาคาร ให้ระมัดระวังสิ่งรอบตัวและติดตามข้อมูล"
"ประเทศเวียดนาม Vietnam",https://earthquake.tmd.go.th//EQ16979,15.06,108.09,10,3.2,2026-08-18T06:37:22.000Z,Asia/Bangkok,"[EN] Minor Earthquake (3.2 ML) - SAFETY ADVICE: No special actions needed: Earthquake likely only felt by sensitive individuals at rest, especially on upper floors of buildings. Be mindful of your surroundings and stay informed.

[TH] แผ่นดินไหวระดับMinor (3.2 ML) - คำแนะนำความปลอดภัย: ไม่จำเป็นต้องดำเนินการพิเศษ: แผ่นดินไหวมักจะรู้สึกได้เฉพาะบุคคลที่ไวต่อความรู้สึกขณะพัก โดยเฉพาะบนชั้นบนของอาคาร ให้ระมัดระวังสิ่งรอบตัวและติดตามข้อมูล"
"ประเทศเมียนมา Myanmar",https://earthquake.tmd.go.th//EQ16978,21.8,96.51,10,2.5,2026-08-18T04:34:26.000Z,Asia/Bangkok,"[EN] Micro Earthquake (2.5 ML) - SAFETY ADVICE: No action required: These micro-earthquakes are rarely felt and pose no danger. They are only detectable by seismographs.

[TH] แผ่นดินไหวระดับMicro (2.5 ML) - คำแนะนำความปลอดภัย: ไม่จำเป็นต้องดำเนินการใดๆ: แผ่นดินไหวขนาดเล็กมากเหล่านี้แทบจะไม่รู้สึกและไม่ก่อให้เกิดอันตราย สามารถตรวจพบได้โดยเครื่องวัดแผ่นดินไหวเท่านั้น"
"ประเทศเมียนมา Myanmar",https://earthquake.tmd.go.th//EQ16977,20.73,96.36,17,2.9,2026-08-17T14:54:55.000Z,Asia/Bangkok,"[EN] Micro Earthquake (2.9 ML) - SAFETY ADVICE: No action required: These micro-earthquakes are rarely felt and pose no danger. They are only detectable by seismographs.

[TH] แผ่นดินไหวระดับMicro (2.9 ML) - คำแนะนำความปลอดภัย: ไม่จำเป็นต้องดำเนินการใดๆ: แผ่นดินไหวขนาดเล็กมากเหล่านี้แทบจะไม่รู้สึกและไม่ก่อให้เกิดอันตราย สามารถตรวจพบได้โดยเครื่องวัดแผ่นดินไหวเท่านั้น"
"ประเทศเวียดนาม Vietnam",https://earthquake.tmd.go.th//EQ16976,14.77,107.9,10,3.3,2026-08-17T13:35:18.000Z,Asia/Bangkok,"[EN] Minor Earthquake (3.3 ML) - SAFETY ADVICE: No special actions needed: Earthquake likely only felt by sensitive individuals at rest, especially on upper floors of buildings. Be mindful of your surroundings and stay informed.

[TH] แผ่นดินไหวระดับMinor (3.3 ML) - คำแนะนำความปลอดภัย: ไม่จำเป็นต้องดำเนินการพิเศษ: แผ่นดินไหวมักจะรู้สึกได้เฉพาะบุคคลที่ไวต่อความรู้สึกขณะพัก โดยเฉพาะบนชั้นบนของอาคาร ให้ระมัดระวังสิ่งรอบตัวและติดตามข้อมูล"
"ต.ป่าสัก อ.เชียงแสน จ.เชียงราย Tambon Pa Sak, Amphoe ChiangSaen, ChiangRai",https://earthquake.tmd.go.th//EQ16975,20.28,99.99,1,1.8,2026-08-17T07:18:52.000Z,Asia/Bangkok,"[EN] Micro Earthquake (1.8 ML) - SAFETY ADVICE: No action required: These micro-earthquakes are rarely felt and pose no danger. They are only detectable by seismographs.

[TH] แผ่นดินไหวระดับMicro (1.8 ML) - คำแนะนำความปลอดภัย: ไม่จำเป็นต้องดำเนินการใดๆ: แผ่นดินไหวขนาดเล็กมากเหล่านี้แทบจะไม่รู้สึกและไม่ก่อให้เกิดอันตราย สามารถตรวจพบได้โดยเครื่องวัดแผ่นดินไหวเท่านั้น"
"ประเทศเมียนมา Myanmar",https://earthquake.tmd.go.th//EQ16974,19.82,96.22,10,3.1,2026-08-17T04:11:59.000Z,Asia/Bangkok,"[EN] Minor Earthquake (3.1 ML) - SAFETY ADVICE: No special actions needed: Earthquake likely only felt by sensitive individuals at rest, especially on upper floors of buildings. Be mindful of your surroundings and stay informed.

[TH] แผ่นดินไหวระดับMinor (3.1 ML) - คำแนะนำความปลอดภัย: ไม่จำเป็นต้องดำเนินการพิเศษ: แผ่นดินไหวมักจะรู้สึกได้เฉพาะบุคคลที่ไวต่อความรู้สึกขณะพัก โดยเฉพาะบนชั้นบนของอาคาร ให้ระมัดระวังสิ่งรอบตัวและติดตามข้อมูล"
"ประเทศเวียดนาม Vietnam",https://earthquake.tmd.go.th//EQ16973,14.95,107.71,10,3.1,2026-08-16T14:50:37.000Z,Asia/Bangkok,"[EN] Minor Earthquake (3.1 ML) - SAFETY ADVICE: No special actions needed: Earthquake likely only felt by sensitive individuals at rest, especially on upper floors of buildings. Be mindful of your surroundings and stay informed.

[TH] แผ่นดินไหวระดับMinor (3.1 ML) - คำแนะนำความปลอดภัย: ไม่จำเป็นต้องดำเนินการพิเศษ: แผ่นดินไหวมักจะรู้สึกได้เฉพาะบุคคลที่ไวต่อความรู้สึกขณะพัก โดยเฉพาะบนชั้นบนของอาคาร ให้ระมัดระวังสิ่งรอบตัวและติดตามข้อมูล"
"ประเทศเวียดนาม Vietnam",https://earthquake.tmd.go.th//EQ16972,14.88,107.84,10,3.5,2026-08-16T14:33:18.000Z,Asia/Bangkok,"[EN] Minor Earthquake (3.5 ML) - SAFETY ADVICE: No special actions needed: Earthquake likely only felt by sensitive individuals at rest, especially on upper floors of buildings. Be mindful of your surroundings and stay informed.

[TH] แผ่นดินไหวระดับMinor (3.5 ML) - คำแนะนำความปลอดภัย: ไม่จำเป็นต้องดำเนินการพิเศษ: แผ่นดินไหวมักจะรู้สึกได้เฉพาะบุคคลที่ไวต่อความรู้สึกขณะพัก โดยเฉพาะบนชั้นบนของอาคาร ให้ระมัดระวังสิ่งรอบตัวและติดตามข้อมูล"
"ประเทศเมียนมา Myanmar",https://earthquake.tmd.go.th//EQ16971,20.75,97.12,10,3,2026-08-16T13:50:35.000Z,Asia/Bangkok,"[EN] Minor Earthquake (3.0 ML) - SAFETY ADVICE: No special actions needed: Earthquake likely only felt by sensitive individuals at rest, especially on upper floors of buildings. Be mindful of your surroundings and stay informed.

[TH] แผ่นดินไหวระดับMinor (3.0 ML) - คำแนะนำความปลอดภัย: ไม่จำเป็นต้องดำเนินการพิเศษ: แผ่นดินไหวมักจะรู้สึกได้เฉพาะบุคคลที่ไวต่อความรู้สึกขณะพัก โดยเฉพาะบนชั้นบนของอาคาร ให้ระมัดระวังสิ่งรอบตัวและติดตามข้อมูล"
"ประเทศเมียนมา Myanmar",https://earthquake.tmd.go.th//EQ16970,19.88,97.72,10,2.6,2026-08-16T09:40:44.000Z,Asia/Bangkok,"[EN] Micro Earthquake (2.6 ML) - SAFETY ADVICE: No action required: These micro-earthquakes are rarely felt and pose no danger. They are only detectable by seismographs.

[TH] แผ่นดินไหวระดับMicro (2.6 ML) - คำแนะนำความปลอดภัย: ไม่จำเป็นต้องดำเนินการใดๆ: แผ่นดินไหวขนาดเล็กมากเหล่านี้แทบจะไม่รู้สึกและไม่ก่อให้เกิดอันตราย สามารถตรวจพบได้โดยเครื่องวัดแผ่นดินไหวเท่านั้น"
"ใกล้ชายฝั่งทางตอนใต้ของประเทศเมียนมา Near South Coast of Myanmar",https://earthquake.tmd.go.th//EQ16969,15.96,96.54,10,3.3,2026-08-16T02:09:53.000Z,Asia/Bangkok,"[EN] Minor Earthquake (3.3 ML) - SAFETY ADVICE: No special actions needed: Earthquake likely only felt by sensitive individuals at rest, especially on upper floors of buildings. Be mindful of your surroundings and stay informed.

[TH] แผ่นดินไหวระดับMinor (3.3 ML) - คำแนะนำความปลอดภัย: ไม่จำเป็นต้องดำเนินการพิเศษ: แผ่นดินไหวมักจะรู้สึกได้เฉพาะบุคคลที่ไวต่อความรู้สึกขณะพัก โดยเฉพาะบนชั้นบนของอาคาร ให้ระมัดระวังสิ่งรอบตัวและติดตามข้อมูล"
"ประเทศเมียนมา Myanmar",https://earthquake.tmd.go.th//EQ16968,17.57,96.15,10,3.1,2026-08-15T22:53:13.000Z,Asia/Bangkok,"[EN] Minor Earthquake (3.1 ML) - SAFETY ADVICE: No special actions needed: Earthquake likely only felt by sensitive individuals at rest, especially on upper floors of buildings. Be mindful of your surroundings and stay informed.

[TH] แผ่นดินไหวระดับMinor (3.1 ML) - คำแนะนำความปลอดภัย: ไม่จำเป็นต้องดำเนินการพิเศษ: แผ่นดินไหวมักจะรู้สึกได้เฉพาะบุคคลที่ไวต่อความรู้สึกขณะพัก โดยเฉพาะบนชั้นบนของอาคาร ให้ระมัดระวังสิ่งรอบตัวและติดตามข้อมูล"
"ประเทศเวียดนาม Vietnam",https://earthquake.tmd.go.th//EQ16967,14.78,108.23,10,3.4,2026-08-15T19:42:00.000Z,Asia/Bangkok,"[EN] Minor Earthquake (3.4 ML) - SAFETY ADVICE: No special actions needed: Earthquake likely only felt by sensitive individuals at rest, especially on upper floors of buildings. Be mindful of your surroundings and stay informed.

[TH] แผ่นดินไหวระดับMinor (3.4 ML) - คำแนะนำความปลอดภัย: ไม่จำเป็นต้องดำเนินการพิเศษ: แผ่นดินไหวมักจะรู้สึกได้เฉพาะบุคคลที่ไวต่อความรู้สึกขณะพัก โดยเฉพาะบนชั้นบนของอาคาร ให้ระมัดระวังสิ่งรอบตัวและติดตามข้อมูล"
"ประเทศเมียนมา Myanmar",https://earthquake.tmd.go.th//EQ16966,22.01,96.35,10,3.7,2026-08-15T16:54:25.000Z,Asia/Bangkok,"[EN] Minor Earthquake (3.7 ML) - SAFETY ADVICE: No special actions needed: Earthquake likely only felt by sensitive individuals at rest, especially on upper floors of buildings. Be mindful of your surroundings and stay informed.

[TH] แผ่นดินไหวระดับMinor (3.7 ML) - คำแนะนำความปลอดภัย: ไม่จำเป็นต้องดำเนินการพิเศษ: แผ่นดินไหวมักจะรู้สึกได้เฉพาะบุคคลที่ไวต่อความรู้สึกขณะพัก โดยเฉพาะบนชั้นบนของอาคาร ให้ระมัดระวังสิ่งรอบตัวและติดตามข้อมูล"
"ประเทศเมียนมา Myanmar",https://earthquake.tmd.go.th//EQ16964,21.85,96.23,10,3.1,2026-08-15T13:14:52.000Z,Asia/Bangkok,"[EN] Minor Earthquake (3.1 ML) - SAFETY ADVICE: No special actions needed: Earthquake likely only felt by sensitive individuals at rest, especially on upper floors of buildings. Be mindful of your surroundings and stay informed.

[TH] แผ่นดินไหวระดับMinor (3.1 ML) - คำแนะนำความปลอดภัย: ไม่จำเป็นต้องดำเนินการพิเศษ: แผ่นดินไหวมักจะรู้สึกได้เฉพาะบุคคลที่ไวต่อความรู้สึกขณะพัก โดยเฉพาะบนชั้นบนของอาคาร ให้ระมัดระวังสิ่งรอบตัวและติดตามข้อมูล"
"ตอนเหนือของหมู่เกาะสุมาตรา ประเทศอินโดนีเซีย Northern Sumatra, Indonesia",https://earthquake.tmd.go.th//EQ16965,3.03,99.11,175,6.8,2026-08-15T10:54:52.000Z,Asia/Bangkok,"[EN] Strong Earthquake (6.8 ML) - SAFETY ADVICE: Take immediate protective action: Drop, Cover, Hold On. Stay indoors until shaking stops. Be prepared for power outages and damage to structures. Check for injuries and damage after shaking stops. Listen to authorities for emergency information.

[TH] แผ่นดินไหวระดับStrong (6.8 ML) - คำแนะนำความปลอดภัย: ดำเนินการป้องกันทันที: หมอบ ปกป้อง เกาะยึด อยู่ในอาคารจนกว่าการสั่นไหวจะหยุด เตรียมพร้อมสำหรับไฟฟ้าดับและความเสียหายต่อโครงสร้าง ตรวจสอบการบาดเจ็บและความเสียหายหลังจากการสั่นไหวหยุด ฟังข้อมูลฉุกเฉินจากเจ้าหน้าที่"
"ประเทศลาว Laos",https://earthquake.tmd.go.th//EQ16962,17.91,104.57,5,2.8,2026-08-14T15:53:49.000Z,Asia/Bangkok,"[EN] Micro Earthquake (2.8 ML) - SAFETY ADVICE: No action required: These micro-earthquakes are rarely felt and pose no danger. They are only detectable by seismographs.

[TH] แผ่นดินไหวระดับMicro (2.8 ML) - คำแนะนำความปลอดภัย: ไม่จำเป็นต้องดำเนินการใดๆ: แผ่นดินไหวขนาดเล็กมากเหล่านี้แทบจะไม่รู้สึกและไม่ก่อให้เกิดอันตราย สามารถตรวจพบได้โดยเครื่องวัดแผ่นดินไหวเท่านั้น"
"ต.หางดง อ.ฮอด จ.เชียงใหม่ Tambon Hang Dong, Amphoe Hot, ChiangMai",https://earthquake.tmd.go.th//EQ16961,18.15,98.44,3,1.3,2026-08-13T15:31:45.000Z,Asia/Bangkok,"[EN] Micro Earthquake (1.3 ML) - SAFETY ADVICE: No action required: These micro-earthquakes are rarely felt and pose no danger. They are only detectable by seismographs.

[TH] แผ่นดินไหวระดับMicro (1.3 ML) - คำแนะนำความปลอดภัย: ไม่จำเป็นต้องดำเนินการใดๆ: แผ่นดินไหวขนาดเล็กมากเหล่านี้แทบจะไม่รู้สึกและไม่ก่อให้เกิดอันตราย สามารถตรวจพบได้โดยเครื่องวัดแผ่นดินไหวเท่านั้น"
"ประเทศเวียดนาม Vietnam",https://earthquake.tmd.go.th//EQ16960,14.94,107.72,7,4.3,2026-08-13T02:17:51.000Z,Asia/Bangkok,"[EN] Light Earthquake (4.3 ML) - SAFETY ADVICE: Stay alert: Be aware of possible light shaking. Secure loose objects that could fall. No immediate action typically needed, but be prepared to take cover if shaking intensifies.

[TH] แผ่นดินไหวระดับLight (4.3 ML) - คำแนะนำความปลอดภัย: เตรียมพร้อม: ระวังการสั่นไหวเล็กน้อยที่อาจเกิดขึ้น ยึดวัตถุที่อาจร่วงหล่น โดยทั่วไปไม่จำเป็นต้องดำเนินการทันที แต่เตรียมพร้อมที่จะหาที่กำบังหากการสั่นไหวรุนแรงขึ้น"
"ประเทศเมียนมา Myanmar",https://earthquake.tmd.go.th//EQ16959,19.92,94.98,10,3.6,2026-08-12T12:36:03.000Z,Asia/Bangkok,"[EN] Minor Earthquake (3.6 ML) - SAFETY ADVICE: No special actions needed: Earthquake likely only felt by sensitive individuals at rest, especially on upper floors of buildings. Be mindful of your surroundings and stay informed.

[TH] แผ่นดินไหวระดับMinor (3.6 ML) - คำแนะนำความปลอดภัย: ไม่จำเป็นต้องดำเนินการพิเศษ: แผ่นดินไหวมักจะรู้สึกได้เฉพาะบุคคลที่ไวต่อความรู้สึกขณะพัก โดยเฉพาะบนชั้นบนของอาคาร ให้ระมัดระวังสิ่งรอบตัวและติดตามข้อมูล"
"ประเทศเมียนมา Myanmar",https://earthquake.tmd.go.th//EQ16958,20.02,97.83,5,2.9,2026-08-11T21:21:16.000Z,Asia/Bangkok,"[EN] Micro Earthquake (2.9 ML) - SAFETY ADVICE: No action required: These micro-earthquakes are rarely felt and pose no danger. They are only detectable by seismographs.

[TH] แผ่นดินไหวระดับMicro (2.9 ML) - คำแนะนำความปลอดภัย: ไม่จำเป็นต้องดำเนินการใดๆ: แผ่นดินไหวขนาดเล็กมากเหล่านี้แทบจะไม่รู้สึกและไม่ก่อให้เกิดอันตราย สามารถตรวจพบได้โดยเครื่องวัดแผ่นดินไหวเท่านั้น"
"หมู่เกาะอันดามัน ประเทศอินเดีย Andaman Islands, India Region",https://earthquake.tmd.go.th//EQ16955,10.61,93.62,10,4.5,2026-08-11T19:55:40.000Z,Asia/Bangkok,"[EN] Light Earthquake (4.5 ML) - SAFETY ADVICE: Stay alert: Be aware of possible light shaking. Secure loose objects that could fall. No immediate action typically needed, but be prepared to take cover if shaking intensifies.

[TH] แผ่นดินไหวระดับLight (4.5 ML) - คำแนะนำความปลอดภัย: เตรียมพร้อม: ระวังการสั่นไหวเล็กน้อยที่อาจเกิดขึ้น ยึดวัตถุที่อาจร่วงหล่น โดยทั่วไปไม่จำเป็นต้องดำเนินการทันที แต่เตรียมพร้อมที่จะหาที่กำบังหากการสั่นไหวรุนแรงขึ้น"
"ประเทศเวียดนาม Vietnam",https://earthquake.tmd.go.th//EQ16956,14.81,108.09,10,4.2,2026-08-11T15:00:39.000Z,Asia/Bangkok,"[EN] Light Earthquake (4.2 ML) - SAFETY ADVICE: Stay alert: Be aware of possible light shaking. Secure loose objects that could fall. No immediate action typically needed, but be prepared to take cover if shaking intensifies.

[TH] แผ่นดินไหวระดับLight (4.2 ML) - คำแนะนำความปลอดภัย: เตรียมพร้อม: ระวังการสั่นไหวเล็กน้อยที่อาจเกิดขึ้น ยึดวัตถุที่อาจร่วงหล่น โดยทั่วไปไม่จำเป็นต้องดำเนินการทันที แต่เตรียมพร้อมที่จะหาที่กำบังหากการสั่นไหวรุนแรงขึ้น"
"ประเทศเวียดนาม Vietnam",https://earthquake.tmd.go.th//EQ16957,14.9,107.68,10,3.3,2026-08-11T14:40:49.000Z,Asia/Bangkok,"[EN] Minor Earthquake (3.3 ML) - SAFETY ADVICE: No special actions needed: Earthquake likely only felt by sensitive individuals at rest, especially on upper floors of buildings. Be mindful of your surroundings and stay informed.

[TH] แผ่นดินไหวระดับMinor (3.3 ML) - คำแนะนำความปลอดภัย: ไม่จำเป็นต้องดำเนินการพิเศษ: แผ่นดินไหวมักจะรู้สึกได้เฉพาะบุคคลที่ไวต่อความรู้สึกขณะพัก โดยเฉพาะบนชั้นบนของอาคาร ให้ระมัดระวังสิ่งรอบตัวและติดตามข้อมูล"
"ประเทศเมียนมา Myanmar",https://earthquake.tmd.go.th//EQ16954,20.69,96.67,10,2.7,2026-08-11T10:08:23.000Z,Asia/Bangkok,"[EN] Micro Earthquake (2.7 ML) - SAFETY ADVICE: No action required: These micro-earthquakes are rarely felt and pose no danger. They are only detectable by seismographs.

[TH] แผ่นดินไหวระดับMicro (2.7 ML) - คำแนะนำความปลอดภัย: ไม่จำเป็นต้องดำเนินการใดๆ: แผ่นดินไหวขนาดเล็กมากเหล่านี้แทบจะไม่รู้สึกและไม่ก่อให้เกิดอันตราย สามารถตรวจพบได้โดยเครื่องวัดแผ่นดินไหวเท่านั้น"
"ประเทศเมียนมา Myanmar",https://earthquake.tmd.go.th//EQ16953,20.87,100.47,10,2.3,2026-08-10T18:52:19.000Z,Asia/Bangkok,"[EN] Micro Earthquake (2.3 ML) - SAFETY ADVICE: No action required: These micro-earthquakes are rarely felt and pose no danger. They are only detectable by seismographs.

[TH] แผ่นดินไหวระดับMicro (2.3 ML) - คำแนะนำความปลอดภัย: ไม่จำเป็นต้องดำเนินการใดๆ: แผ่นดินไหวขนาดเล็กมากเหล่านี้แทบจะไม่รู้สึกและไม่ก่อให้เกิดอันตราย สามารถตรวจพบได้โดยเครื่องวัดแผ่นดินไหวเท่านั้น"
"ประเทศเมียนมา Myanmar",https://earthquake.tmd.go.th//EQ16952,21.03,100.34,10,2.7,2026-08-10T16:22:26.000Z,Asia/Bangkok,"[EN] Micro Earthquake (2.7 ML) - SAFETY ADVICE: No action required: These micro-earthquakes are rarely felt and pose no danger. They are only detectable by seismographs.

[TH] แผ่นดินไหวระดับMicro (2.7 ML) - คำแนะนำความปลอดภัย: ไม่จำเป็นต้องดำเนินการใดๆ: แผ่นดินไหวขนาดเล็กมากเหล่านี้แทบจะไม่รู้สึกและไม่ก่อให้เกิดอันตราย สามารถตรวจพบได้โดยเครื่องวัดแผ่นดินไหวเท่านั้น"
"ประเทศเมียนมา Myanmar",https://earthquake.tmd.go.th//EQ16951,21,100.52,10,2.9,2026-08-10T13:30:40.000Z,Asia/Bangkok,"[EN] Micro Earthquake (2.9 ML) - SAFETY ADVICE: No action required: These micro-earthquakes are rarely felt and pose no danger. They are only detectable by seismographs.

[TH] แผ่นดินไหวระดับMicro (2.9 ML) - คำแนะนำความปลอดภัย: ไม่จำเป็นต้องดำเนินการใดๆ: แผ่นดินไหวขนาดเล็กมากเหล่านี้แทบจะไม่รู้สึกและไม่ก่อให้เกิดอันตราย สามารถตรวจพบได้โดยเครื่องวัดแผ่นดินไหวเท่านั้น"
"ประเทศเมียนมา Myanmar",https://earthquake.tmd.go.th//EQ16950,21.02,100.31,10,2.4,2026-08-10T09:10:55.000Z,Asia/Bangkok,"[EN] Micro Earthquake (2.4 ML) - SAFETY ADVICE: No action required: These micro-earthquakes are rarely felt and pose no danger. They are only detectable by seismographs.

[TH] แผ่นดินไหวระดับMicro (2.4 ML) - คำแนะนำความปลอดภัย: ไม่จำเป็นต้องดำเนินการใดๆ: แผ่นดินไหวขนาดเล็กมากเหล่านี้แทบจะไม่รู้สึกและไม่ก่อให้เกิดอันตราย สามารถตรวจพบได้โดยเครื่องวัดแผ่นดินไหวเท่านั้น"
"ประเทศเมียนมา Myanmar",https://earthquake.tmd.go.th//EQ16949,18.74,96.55,10,2.6,2026-08-09T20:36:51.000Z,Asia/Bangkok,"[EN] Micro Earthquake (2.6 ML) - SAFETY ADVICE: No action required: These micro-earthquakes are rarely felt and pose no danger. They are only detectable by seismographs.

[TH] แผ่นดินไหวระดับMicro (2.6 ML) - คำแนะนำความปลอดภัย: ไม่จำเป็นต้องดำเนินการใดๆ: แผ่นดินไหวขนาดเล็กมากเหล่านี้แทบจะไม่รู้สึกและไม่ก่อให้เกิดอันตราย สามารถตรวจพบได้โดยเครื่องวัดแผ่นดินไหวเท่านั้น"
"ประเทศลาว Laos",https://earthquake.tmd.go.th//EQ16948,20.83,100.43,5,2.8,2026-08-09T18:04:06.000Z,Asia/Bangkok,"[EN] Micro Earthquake (2.8 ML) - SAFETY ADVICE: No action required: These micro-earthquakes are rarely felt and pose no danger. They are only detectable by seismographs.

[TH] แผ่นดินไหวระดับMicro (2.8 ML) - คำแนะนำความปลอดภัย: ไม่จำเป็นต้องดำเนินการใดๆ: แผ่นดินไหวขนาดเล็กมากเหล่านี้แทบจะไม่รู้สึกและไม่ก่อให้เกิดอันตราย สามารถตรวจพบได้โดยเครื่องวัดแผ่นดินไหวเท่านั้น"
"ประเทศลาว Laos",https://earthquake.tmd.go.th//EQ16947,21.01,100.78,10,2.1,2026-08-09T13:31:03.000Z,Asia/Bangkok,"[EN] Micro Earthquake (2.1 ML) - SAFETY ADVICE: No action required: These micro-earthquakes are rarely felt and pose no danger. They are only detectable by seismographs.

[TH] แผ่นดินไหวระดับMicro (2.1 ML) - คำแนะนำความปลอดภัย: ไม่จำเป็นต้องดำเนินการใดๆ: แผ่นดินไหวขนาดเล็กมากเหล่านี้แทบจะไม่รู้สึกและไม่ก่อให้เกิดอันตราย สามารถตรวจพบได้โดยเครื่องวัดแผ่นดินไหวเท่านั้น"
"ประเทศเมียนมา Myanmar",https://earthquake.tmd.go.th//EQ16946,21.07,100.56,10,2.9,2026-08-09T11:53:59.000Z,Asia/Bangkok,"[EN] Micro Earthquake (2.9 ML) - SAFETY ADVICE: No action required: These micro-earthquakes are rarely felt and pose no danger. They are only detectable by seismographs.

[TH] แผ่นดินไหวระดับMicro (2.9 ML) - คำแนะนำความปลอดภัย: ไม่จำเป็นต้องดำเนินการใดๆ: แผ่นดินไหวขนาดเล็กมากเหล่านี้แทบจะไม่รู้สึกและไม่ก่อให้เกิดอันตราย สามารถตรวจพบได้โดยเครื่องวัดแผ่นดินไหวเท่านั้น"
"ประเทศเมียนมา Myanmar",https://earthquake.tmd.go.th//EQ16945,20.87,100.45,10,2.4,2026-08-09T05:12:34.000Z,Asia/Bangkok,"[EN] Micro Earthquake (2.4 ML) - SAFETY ADVICE: No action required: These micro-earthquakes are rarely felt and pose no danger. They are only detectable by seismographs.

[TH] แผ่นดินไหวระดับMicro (2.4 ML) - คำแนะนำความปลอดภัย: ไม่จำเป็นต้องดำเนินการใดๆ: แผ่นดินไหวขนาดเล็กมากเหล่านี้แทบจะไม่รู้สึกและไม่ก่อให้เกิดอันตราย สามารถตรวจพบได้โดยเครื่องวัดแผ่นดินไหวเท่านั้น"
"ประเทศลาว Laos",https://earthquake.tmd.go.th//EQ16944,20.92,100.54,10,2.7,2026-08-09T04:13:46.000Z,Asia/Bangkok,"[EN] Micro Earthquake (2.7 ML) - SAFETY ADVICE: No action required: These micro-earthquakes are rarely felt and pose no danger. They are only detectable by seismographs.

[TH] แผ่นดินไหวระดับMicro (2.7 ML) - คำแนะนำความปลอดภัย: ไม่จำเป็นต้องดำเนินการใดๆ: แผ่นดินไหวขนาดเล็กมากเหล่านี้แทบจะไม่รู้สึกและไม่ก่อให้เกิดอันตราย สามารถตรวจพบได้โดยเครื่องวัดแผ่นดินไหวเท่านั้น"
"ประเทศเมียนมา Myanmar",https://earthquake.tmd.go.th//EQ16943,21.99,96.19,5,3.9,2026-08-09T04:00:57.000Z,Asia/Bangkok,"[EN] Minor Earthquake (3.9 ML) - SAFETY ADVICE: No special actions needed: Earthquake likely only felt by sensitive individuals at rest, especially on upper floors of buildings. Be mindful of your surroundings and stay informed.

[TH] แผ่นดินไหวระดับMinor (3.9 ML) - คำแนะนำความปลอดภัย: ไม่จำเป็นต้องดำเนินการพิเศษ: แผ่นดินไหวมักจะรู้สึกได้เฉพาะบุคคลที่ไวต่อความรู้สึกขณะพัก โดยเฉพาะบนชั้นบนของอาคาร ให้ระมัดระวังสิ่งรอบตัวและติดตามข้อมูล"
"หมู่เกาะนิโคบาร์ ประเทศอินเดีย Nicobar Islands, India Region",https://earthquake.tmd.go.th//EQ16942,6.71,93.83,10,5.1,2026-08-09T03:02:04.000Z,Asia/Bangkok,"[EN] Moderate Earthquake (5.1 ML) - SAFETY ADVICE: Take precautions: Stay away from objects that could fall. Expect minor damage to well-built structures. Find safe locations to shelter. Be prepared for aftershocks. Check news sources for updates and instructions.

[TH] แผ่นดินไหวระดับModerate (5.1 ML) - คำแนะนำความปลอดภัย: ใช้ความระมัดระวัง: อยู่ห่างจากวัตถุที่อาจร่วงหล่น คาดการณ์ความเสียหายเล็กน้อยต่ออาคารที่สร้างอย่างดี หาที่หลบภัยที่ปลอดภัย เตรียมพร้อมสำหรับแผ่นดินไหวตาม ติดตามข่าวสารเพื่อรับการอัปเดตและคำแนะนำ"
"ประเทศเมียนมา Myanmar",https://earthquake.tmd.go.th//EQ16941,21.18,100.5,10,2.5,2026-08-08T23:59:13.000Z,Asia/Bangkok,"[EN] Micro Earthquake (2.5 ML) - SAFETY ADVICE: No action required: These micro-earthquakes are rarely felt and pose no danger. They are only detectable by seismographs.

[TH] แผ่นดินไหวระดับMicro (2.5 ML) - คำแนะนำความปลอดภัย: ไม่จำเป็นต้องดำเนินการใดๆ: แผ่นดินไหวขนาดเล็กมากเหล่านี้แทบจะไม่รู้สึกและไม่ก่อให้เกิดอันตราย สามารถตรวจพบได้โดยเครื่องวัดแผ่นดินไหวเท่านั้น"
"ต.ดอยลาน อ.เมืองเชียงราย จ.เชียงราย Tambon  Doi Lan, Amphoe MueangChiangRai, ChiangRai",https://earthquake.tmd.go.th//EQ16940,19.68,99.96,1,1.9,2026-08-08T21:59:37.000Z,Asia/Bangkok,"[EN] Micro Earthquake (1.9 ML) - SAFETY ADVICE: No action required: These micro-earthquakes are rarely felt and pose no danger. They are only detectable by seismographs.

[TH] แผ่นดินไหวระดับMicro (1.9 ML) - คำแนะนำความปลอดภัย: ไม่จำเป็นต้องดำเนินการใดๆ: แผ่นดินไหวขนาดเล็กมากเหล่านี้แทบจะไม่รู้สึกและไม่ก่อให้เกิดอันตราย สามารถตรวจพบได้โดยเครื่องวัดแผ่นดินไหวเท่านั้น"
"ต. ดอยลาน  อ.เมืองเชียงราย จ.เชียงราย Tambon  Doi Lan, Amphoe MueangChiangRai, ChiangRai",https://earthquake.tmd.go.th//EQ16939,19.67,99.96,3,1.6,2026-08-08T21:47:55.000Z,Asia/Bangkok,"[EN] Micro Earthquake (1.6 ML) - SAFETY ADVICE: No action required: These micro-earthquakes are rarely felt and pose no danger. They are only detectable by seismographs.

[TH] แผ่นดินไหวระดับMicro (1.6 ML) - คำแนะนำความปลอดภัย: ไม่จำเป็นต้องดำเนินการใดๆ: แผ่นดินไหวขนาดเล็กมากเหล่านี้แทบจะไม่รู้สึกและไม่ก่อให้เกิดอันตราย สามารถตรวจพบได้โดยเครื่องวัดแผ่นดินไหวเท่านั้น"
"ประเทศลาว Laos",https://earthquake.tmd.go.th//EQ16938,20.76,100.38,10,2.4,2026-08-08T09:15:03.000Z,Asia/Bangkok,"[EN] Micro Earthquake (2.4 ML) - SAFETY ADVICE: No action required: These micro-earthquakes are rarely felt and pose no danger. They are only detectable by seismographs.

[TH] แผ่นดินไหวระดับMicro (2.4 ML) - คำแนะนำความปลอดภัย: ไม่จำเป็นต้องดำเนินการใดๆ: แผ่นดินไหวขนาดเล็กมากเหล่านี้แทบจะไม่รู้สึกและไม่ก่อให้เกิดอันตราย สามารถตรวจพบได้โดยเครื่องวัดแผ่นดินไหวเท่านั้น"
"ประเทศเมียนมา Myanmar",https://earthquake.tmd.go.th//EQ16937,19.76,96.32,10,3.1,2026-08-08T03:35:44.000Z,Asia/Bangkok,"[EN] Minor Earthquake (3.1 ML) - SAFETY ADVICE: No special actions needed: Earthquake likely only felt by sensitive individuals at rest, especially on upper floors of buildings. Be mindful of your surroundings and stay informed.

[TH] แผ่นดินไหวระดับMinor (3.1 ML) - คำแนะนำความปลอดภัย: ไม่จำเป็นต้องดำเนินการพิเศษ: แผ่นดินไหวมักจะรู้สึกได้เฉพาะบุคคลที่ไวต่อความรู้สึกขณะพัก โดยเฉพาะบนชั้นบนของอาคาร ให้ระมัดระวังสิ่งรอบตัวและติดตามข้อมูล"
"ต.น้ำมวบ อ.เวียงสา จ.น่าน Tambon Nam Muap, Amphoe WiangSa, Nan",https://earthquake.tmd.go.th//EQ16936,18.46,101,2,2.4,2026-08-08T03:09:45.000Z,Asia/Bangkok,"[EN] Micro Earthquake (2.4 ML) - SAFETY ADVICE: No action required: These micro-earthquakes are rarely felt and pose no danger. They are only detectable by seismographs.

[TH] แผ่นดินไหวระดับMicro (2.4 ML) - คำแนะนำความปลอดภัย: ไม่จำเป็นต้องดำเนินการใดๆ: แผ่นดินไหวขนาดเล็กมากเหล่านี้แทบจะไม่รู้สึกและไม่ก่อให้เกิดอันตราย สามารถตรวจพบได้โดยเครื่องวัดแผ่นดินไหวเท่านั้น"
"ประเทศเมียนมา Myanmar",https://earthquake.tmd.go.th//EQ16935,19.78,96.43,10,2.5,2026-08-07T21:35:24.000Z,Asia/Bangkok,"[EN] Micro Earthquake (2.5 ML) - SAFETY ADVICE: No action required: These micro-earthquakes are rarely felt and pose no danger. They are only detectable by seismographs.

[TH] แผ่นดินไหวระดับMicro (2.5 ML) - คำแนะนำความปลอดภัย: ไม่จำเป็นต้องดำเนินการใดๆ: แผ่นดินไหวขนาดเล็กมากเหล่านี้แทบจะไม่รู้สึกและไม่ก่อให้เกิดอันตราย สามารถตรวจพบได้โดยเครื่องวัดแผ่นดินไหวเท่านั้น"
"ต.แจ่มหลวง อ.แม่แจ่ม จ.เชียงใหม่ Tambon Chaem Luang, Amphoe MaeChaem, ChiangMai",https://earthquake.tmd.go.th//EQ16934,18.97,98.34,2,1.6,2026-08-07T15:41:36.000Z,Asia/Bangkok,"[EN] Micro Earthquake (1.6 ML) - SAFETY ADVICE: No action required: These micro-earthquakes are rarely felt and pose no danger. They are only detectable by seismographs.

[TH] แผ่นดินไหวระดับMicro (1.6 ML) - คำแนะนำความปลอดภัย: ไม่จำเป็นต้องดำเนินการใดๆ: แผ่นดินไหวขนาดเล็กมากเหล่านี้แทบจะไม่รู้สึกและไม่ก่อให้เกิดอันตราย สามารถตรวจพบได้โดยเครื่องวัดแผ่นดินไหวเท่านั้น"
"ประเทศเมียนมา Myanmar",https://earthquake.tmd.go.th//EQ16933,20.63,96.04,10,4.1,2026-08-07T05:56:21.000Z,Asia/Bangkok,"[EN] Light Earthquake (4.1 ML) - SAFETY ADVICE: Stay alert: Be aware of possible light shaking. Secure loose objects that could fall. No immediate action typically needed, but be prepared to take cover if shaking intensifies.

[TH] แผ่นดินไหวระดับLight (4.1 ML) - คำแนะนำความปลอดภัย: เตรียมพร้อม: ระวังการสั่นไหวเล็กน้อยที่อาจเกิดขึ้น ยึดวัตถุที่อาจร่วงหล่น โดยทั่วไปไม่จำเป็นต้องดำเนินการทันที แต่เตรียมพร้อมที่จะหาที่กำบังหากการสั่นไหวรุนแรงขึ้น"
"ประเทศเมียนมา Myanmar",https://earthquake.tmd.go.th//EQ16932,21,100,5,2.6,2026-08-06T23:50:13.000Z,Asia/Bangkok,"[EN] Micro Earthquake (2.6 ML) - SAFETY ADVICE: No action required: These micro-earthquakes are rarely felt and pose no danger. They are only detectable by seismographs.

[TH] แผ่นดินไหวระดับMicro (2.6 ML) - คำแนะนำความปลอดภัย: ไม่จำเป็นต้องดำเนินการใดๆ: แผ่นดินไหวขนาดเล็กมากเหล่านี้แทบจะไม่รู้สึกและไม่ก่อให้เกิดอันตราย สามารถตรวจพบได้โดยเครื่องวัดแผ่นดินไหวเท่านั้น"
"ประเทศเมียนมา Myanmar",https://earthquake.tmd.go.th//EQ16931,22.93,95.97,10,4.3,2026-08-06T20:32:46.000Z,Asia/Bangkok,"[EN] Light Earthquake (4.3 ML) - SAFETY ADVICE: Stay alert: Be aware of possible light shaking. Secure loose objects that could fall. No immediate action typically needed, but be prepared to take cover if shaking intensifies.

[TH] แผ่นดินไหวระดับLight (4.3 ML) - คำแนะนำความปลอดภัย: เตรียมพร้อม: ระวังการสั่นไหวเล็กน้อยที่อาจเกิดขึ้น ยึดวัตถุที่อาจร่วงหล่น โดยทั่วไปไม่จำเป็นต้องดำเนินการทันที แต่เตรียมพร้อมที่จะหาที่กำบังหากการสั่นไหวรุนแรงขึ้น"
"พรมแดนประเทศเมียนมา - ประเทศจีน Myanmar - China Border Region",https://earthquake.tmd.go.th//EQ16930,23.28,98.29,5,3.4,2026-08-06T17:40:23.000Z,Asia/Bangkok,"[EN] Minor Earthquake (3.4 ML) - SAFETY ADVICE: No special actions needed: Earthquake likely only felt by sensitive individuals at rest, especially on upper floors of buildings. Be mindful of your surroundings and stay informed.

[TH] แผ่นดินไหวระดับMinor (3.4 ML) - คำแนะนำความปลอดภัย: ไม่จำเป็นต้องดำเนินการพิเศษ: แผ่นดินไหวมักจะรู้สึกได้เฉพาะบุคคลที่ไวต่อความรู้สึกขณะพัก โดยเฉพาะบนชั้นบนของอาคาร ให้ระมัดระวังสิ่งรอบตัวและติดตามข้อมูล"
"ประเทศเมียนมา Myanmar",https://earthquake.tmd.go.th//EQ16929,21.18,100.35,10,2.6,2026-08-06T08:30:50.000Z,Asia/Bangkok,"[EN] Micro Earthquake (2.6 ML) - SAFETY ADVICE: No action required: These micro-earthquakes are rarely felt and pose no danger. They are only detectable by seismographs.

[TH] แผ่นดินไหวระดับMicro (2.6 ML) - คำแนะนำความปลอดภัย: ไม่จำเป็นต้องดำเนินการใดๆ: แผ่นดินไหวขนาดเล็กมากเหล่านี้แทบจะไม่รู้สึกและไม่ก่อให้เกิดอันตราย สามารถตรวจพบได้โดยเครื่องวัดแผ่นดินไหวเท่านั้น"
"ประเทศเมียนมา Myanmar",https://earthquake.tmd.go.th//EQ16928,21.03,100.69,9,2.8,2026-08-05T17:00:21.000Z,Asia/Bangkok,"[EN] Micro Earthquake (2.8 ML) - SAFETY ADVICE: No action required: These micro-earthquakes are rarely felt and pose no danger. They are only detectable by seismographs.

[TH] แผ่นดินไหวระดับMicro (2.8 ML) - คำแนะนำความปลอดภัย: ไม่จำเป็นต้องดำเนินการใดๆ: แผ่นดินไหวขนาดเล็กมากเหล่านี้แทบจะไม่รู้สึกและไม่ก่อให้เกิดอันตราย สามารถตรวจพบได้โดยเครื่องวัดแผ่นดินไหวเท่านั้น"
"พรมแดนประเทศเมียนมา - ประเทศจีน Myanmar - China Border Region",https://earthquake.tmd.go.th//EQ16927,21.08,100.45,10,2.3,2026-08-05T16:07:39.000Z,Asia/Bangkok,"[EN] Micro Earthquake (2.3 ML) - SAFETY ADVICE: No action required: These micro-earthquakes are rarely felt and pose no danger. They are only detectable by seismographs.

[TH] แผ่นดินไหวระดับMicro (2.3 ML) - คำแนะนำความปลอดภัย: ไม่จำเป็นต้องดำเนินการใดๆ: แผ่นดินไหวขนาดเล็กมากเหล่านี้แทบจะไม่รู้สึกและไม่ก่อให้เกิดอันตราย สามารถตรวจพบได้โดยเครื่องวัดแผ่นดินไหวเท่านั้น"
"ประเทศเมียนมา Myanmar",https://earthquake.tmd.go.th//EQ16926,20.93,100.42,10,2.4,2026-08-05T14:20:36.000Z,Asia/Bangkok,"[EN] Micro Earthquake (2.4 ML) - SAFETY ADVICE: No action required: These micro-earthquakes are rarely felt and pose no danger. They are only detectable by seismographs.

[TH] แผ่นดินไหวระดับMicro (2.4 ML) - คำแนะนำความปลอดภัย: ไม่จำเป็นต้องดำเนินการใดๆ: แผ่นดินไหวขนาดเล็กมากเหล่านี้แทบจะไม่รู้สึกและไม่ก่อให้เกิดอันตราย สามารถตรวจพบได้โดยเครื่องวัดแผ่นดินไหวเท่านั้น"
"พรมแดนประเทศเมียนมา - ประเทศจีน Myanmar - China Border Region",https://earthquake.tmd.go.th//EQ16925,21.08,100.34,10,1.9,2026-08-05T11:07:28.000Z,Asia/Bangkok,"[EN] Micro Earthquake (1.9 ML) - SAFETY ADVICE: No action required: These micro-earthquakes are rarely felt and pose no danger. They are only detectable by seismographs.

[TH] แผ่นดินไหวระดับMicro (1.9 ML) - คำแนะนำความปลอดภัย: ไม่จำเป็นต้องดำเนินการใดๆ: แผ่นดินไหวขนาดเล็กมากเหล่านี้แทบจะไม่รู้สึกและไม่ก่อให้เกิดอันตราย สามารถตรวจพบได้โดยเครื่องวัดแผ่นดินไหวเท่านั้น"
"ใกล้ชายฝั่งทางตอนใต้ของประเทศเมียนมา Near South Coast of Myanmar",https://earthquake.tmd.go.th//EQ16924,15.26,96.39,10,3.1,2026-08-05T10:44:44.000Z,Asia/Bangkok,"[EN] Minor Earthquake (3.1 ML) - SAFETY ADVICE: No special actions needed: Earthquake likely only felt by sensitive individuals at rest, especially on upper floors of buildings. Be mindful of your surroundings and stay informed.

[TH] แผ่นดินไหวระดับMinor (3.1 ML) - คำแนะนำความปลอดภัย: ไม่จำเป็นต้องดำเนินการพิเศษ: แผ่นดินไหวมักจะรู้สึกได้เฉพาะบุคคลที่ไวต่อความรู้สึกขณะพัก โดยเฉพาะบนชั้นบนของอาคาร ให้ระมัดระวังสิ่งรอบตัวและติดตามข้อมูล"
"พรมแดนประเทศเมียนมา - ประเทศจีน Myanmar - China Border Region",https://earthquake.tmd.go.th//EQ16923,21.12,100.47,10,2.3,2026-08-05T10:15:56.000Z,Asia/Bangkok,"[EN] Micro Earthquake (2.3 ML) - SAFETY ADVICE: No action required: These micro-earthquakes are rarely felt and pose no danger. They are only detectable by seismographs.

[TH] แผ่นดินไหวระดับMicro (2.3 ML) - คำแนะนำความปลอดภัย: ไม่จำเป็นต้องดำเนินการใดๆ: แผ่นดินไหวขนาดเล็กมากเหล่านี้แทบจะไม่รู้สึกและไม่ก่อให้เกิดอันตราย สามารถตรวจพบได้โดยเครื่องวัดแผ่นดินไหวเท่านั้น"
"พรมแดนประเทศเมียนมา - ประเทศจีน Myanmar - China Border Region",https://earthquake.tmd.go.th//EQ16922,21.01,100.44,10,2.4,2026-08-05T03:11:06.000Z,Asia/Bangkok,"[EN] Micro Earthquake (2.4 ML) - SAFETY ADVICE: No action required: These micro-earthquakes are rarely felt and pose no danger. They are only detectable by seismographs.

[TH] แผ่นดินไหวระดับMicro (2.4 ML) - คำแนะนำความปลอดภัย: ไม่จำเป็นต้องดำเนินการใดๆ: แผ่นดินไหวขนาดเล็กมากเหล่านี้แทบจะไม่รู้สึกและไม่ก่อให้เกิดอันตราย สามารถตรวจพบได้โดยเครื่องวัดแผ่นดินไหวเท่านั้น"
"ประเทศเมียนมา Myanmar",https://earthquake.tmd.go.th//EQ16921,21.65,95,102,4.8,2026-08-05T00:12:03.000Z,Asia/Bangkok,"[EN] Light Earthquake (4.8 ML) - SAFETY ADVICE: Stay alert: Be aware of possible light shaking. Secure loose objects that could fall. No immediate action typically needed, but be prepared to take cover if shaking intensifies.

[TH] แผ่นดินไหวระดับLight (4.8 ML) - คำแนะนำความปลอดภัย: เตรียมพร้อม: ระวังการสั่นไหวเล็กน้อยที่อาจเกิดขึ้น ยึดวัตถุที่อาจร่วงหล่น โดยทั่วไปไม่จำเป็นต้องดำเนินการทันที แต่เตรียมพร้อมที่จะหาที่กำบังหากการสั่นไหวรุนแรงขึ้น"
"ประเทศลาว Laos",https://earthquake.tmd.go.th//EQ16920,20.78,100.4,10,2.4,2026-08-04T23:48:25.000Z,Asia/Bangkok,"[EN] Micro Earthquake (2.4 ML) - SAFETY ADVICE: No action required: These micro-earthquakes are rarely felt and pose no danger. They are only detectable by seismographs.

[TH] แผ่นดินไหวระดับMicro (2.4 ML) - คำแนะนำความปลอดภัย: ไม่จำเป็นต้องดำเนินการใดๆ: แผ่นดินไหวขนาดเล็กมากเหล่านี้แทบจะไม่รู้สึกและไม่ก่อให้เกิดอันตราย สามารถตรวจพบได้โดยเครื่องวัดแผ่นดินไหวเท่านั้น"
"ประเทศลาว Laos",https://earthquake.tmd.go.th//EQ16919,20.96,100.59,2,2,2026-08-04T19:54:51.000Z,Asia/Bangkok,"[EN] Micro Earthquake (2.0 ML) - SAFETY ADVICE: No action required: These micro-earthquakes are rarely felt and pose no danger. They are only detectable by seismographs.

[TH] แผ่นดินไหวระดับMicro (2.0 ML) - คำแนะนำความปลอดภัย: ไม่จำเป็นต้องดำเนินการใดๆ: แผ่นดินไหวขนาดเล็กมากเหล่านี้แทบจะไม่รู้สึกและไม่ก่อให้เกิดอันตราย สามารถตรวจพบได้โดยเครื่องวัดแผ่นดินไหวเท่านั้น"
"ประเทศเมียนมา Myanmar",https://earthquake.tmd.go.th//EQ16918,20.88,100.47,2,2,2026-08-04T17:07:01.000Z,Asia/Bangkok,"[EN] Micro Earthquake (2.0 ML) - SAFETY ADVICE: No action required: These micro-earthquakes are rarely felt and pose no danger. They are only detectable by seismographs.

[TH] แผ่นดินไหวระดับMicro (2.0 ML) - คำแนะนำความปลอดภัย: ไม่จำเป็นต้องดำเนินการใดๆ: แผ่นดินไหวขนาดเล็กมากเหล่านี้แทบจะไม่รู้สึกและไม่ก่อให้เกิดอันตราย สามารถตรวจพบได้โดยเครื่องวัดแผ่นดินไหวเท่านั้น"
"พรมแดนประเทศเมียนมา - ประเทศจีน Myanmar - China Border Region",https://earthquake.tmd.go.th//EQ16917,21.09,100.44,10,3.6,2026-08-04T16:16:24.000Z,Asia/Bangkok,"[EN] Minor Earthquake (3.6 ML) - SAFETY ADVICE: No special actions needed: Earthquake likely only felt by sensitive individuals at rest, especially on upper floors of buildings. Be mindful of your surroundings and stay informed.

[TH] แผ่นดินไหวระดับMinor (3.6 ML) - คำแนะนำความปลอดภัย: ไม่จำเป็นต้องดำเนินการพิเศษ: แผ่นดินไหวมักจะรู้สึกได้เฉพาะบุคคลที่ไวต่อความรู้สึกขณะพัก โดยเฉพาะบนชั้นบนของอาคาร ให้ระมัดระวังสิ่งรอบตัวและติดตามข้อมูล"
"ต.เวียงเหนือ อ.ปาย จ.แม่ฮ่องสอน Tambon Wiang Nuea, Amphoe Pai, MaeHongSon",https://earthquake.tmd.go.th//EQ16916,19.37,98.47,5,1.9,2026-08-04T11:57:00.000Z,Asia/Bangkok,"[EN] Micro Earthquake (1.9 ML) - SAFETY ADVICE: No action required: These micro-earthquakes are rarely felt and pose no danger. They are only detectable by seismographs.

[TH] แผ่นดินไหวระดับMicro (1.9 ML) - คำแนะนำความปลอดภัย: ไม่จำเป็นต้องดำเนินการใดๆ: แผ่นดินไหวขนาดเล็กมากเหล่านี้แทบจะไม่รู้สึกและไม่ก่อให้เกิดอันตราย สามารถตรวจพบได้โดยเครื่องวัดแผ่นดินไหวเท่านั้น"
"พรมแดนประเทศเมียนมา - ประเทศจีน Myanmar - China Border Region",https://earthquake.tmd.go.th//EQ16915,21.06,100.41,10,3.5,2026-08-04T09:31:35.000Z,Asia/Bangkok,"[EN] Minor Earthquake (3.5 ML) - SAFETY ADVICE: No special actions needed: Earthquake likely only felt by sensitive individuals at rest, especially on upper floors of buildings. Be mindful of your surroundings and stay informed.

[TH] แผ่นดินไหวระดับMinor (3.5 ML) - คำแนะนำความปลอดภัย: ไม่จำเป็นต้องดำเนินการพิเศษ: แผ่นดินไหวมักจะรู้สึกได้เฉพาะบุคคลที่ไวต่อความรู้สึกขณะพัก โดยเฉพาะบนชั้นบนของอาคาร ให้ระมัดระวังสิ่งรอบตัวและติดตามข้อมูล"
"ประเทศเมียนมา Myanmar",https://earthquake.tmd.go.th//EQ16914,20.83,99.14,10,2,2026-08-03T19:15:52.000Z,Asia/Bangkok,"[EN] Micro Earthquake (2.0 ML) - SAFETY ADVICE: No action required: These micro-earthquakes are rarely felt and pose no danger. They are only detectable by seismographs.

[TH] แผ่นดินไหวระดับMicro (2.0 ML) - คำแนะนำความปลอดภัย: ไม่จำเป็นต้องดำเนินการใดๆ: แผ่นดินไหวขนาดเล็กมากเหล่านี้แทบจะไม่รู้สึกและไม่ก่อให้เกิดอันตราย สามารถตรวจพบได้โดยเครื่องวัดแผ่นดินไหวเท่านั้น"
"ต.น้ำมวบ อ.เวียงสา จ.น่าน Tambon Nam Muap, Amphoe WiangSa, Nan",https://earthquake.tmd.go.th//EQ16913,18.46,101.02,2,2.8,2026-08-03T13:29:00.000Z,Asia/Bangkok,"[EN] Micro Earthquake (2.8 ML) - SAFETY ADVICE: No action required: These micro-earthquakes are rarely felt and pose no danger. They are only detectable by seismographs.

[TH] แผ่นดินไหวระดับMicro (2.8 ML) - คำแนะนำความปลอดภัย: ไม่จำเป็นต้องดำเนินการใดๆ: แผ่นดินไหวขนาดเล็กมากเหล่านี้แทบจะไม่รู้สึกและไม่ก่อให้เกิดอันตราย สามารถตรวจพบได้โดยเครื่องวัดแผ่นดินไหวเท่านั้น"
"ประเทศเวียดนาม Vietnam",https://earthquake.tmd.go.th//EQ16912,15.18,107.67,10,4.4,2026-08-02T17:06:11.000Z,Asia/Bangkok,"[EN] Light Earthquake (4.4 ML) - SAFETY ADVICE: Stay alert: Be aware of possible light shaking. Secure loose objects that could fall. No immediate action typically needed, but be prepared to take cover if shaking intensifies.

[TH] แผ่นดินไหวระดับLight (4.4 ML) - คำแนะนำความปลอดภัย: เตรียมพร้อม: ระวังการสั่นไหวเล็กน้อยที่อาจเกิดขึ้น ยึดวัตถุที่อาจร่วงหล่น โดยทั่วไปไม่จำเป็นต้องดำเนินการทันที แต่เตรียมพร้อมที่จะหาที่กำบังหากการสั่นไหวรุนแรงขึ้น"
"ประเทศเมียนมา Myanmar",https://earthquake.tmd.go.th//EQ16911,20.66,94.64,10,3.3,2026-08-02T15:04:09.000Z,Asia/Bangkok,"[EN] Minor Earthquake (3.3 ML) - SAFETY ADVICE: No special actions needed: Earthquake likely only felt by sensitive individuals at rest, especially on upper floors of buildings. Be mindful of your surroundings and stay informed.

[TH] แผ่นดินไหวระดับMinor (3.3 ML) - คำแนะนำความปลอดภัย: ไม่จำเป็นต้องดำเนินการพิเศษ: แผ่นดินไหวมักจะรู้สึกได้เฉพาะบุคคลที่ไวต่อความรู้สึกขณะพัก โดยเฉพาะบนชั้นบนของอาคาร ให้ระมัดระวังสิ่งรอบตัวและติดตามข้อมูล"
"ประเทศเมียนมา Myanmar",https://earthquake.tmd.go.th//EQ16910,19.97,97.85,5,2.6,2026-08-02T13:11:42.000Z,Asia/Bangkok,"[EN] Micro Earthquake (2.6 ML) - SAFETY ADVICE: No action required: These micro-earthquakes are rarely felt and pose no danger. They are only detectable by seismographs.

[TH] แผ่นดินไหวระดับMicro (2.6 ML) - คำแนะนำความปลอดภัย: ไม่จำเป็นต้องดำเนินการใดๆ: แผ่นดินไหวขนาดเล็กมากเหล่านี้แทบจะไม่รู้สึกและไม่ก่อให้เกิดอันตราย สามารถตรวจพบได้โดยเครื่องวัดแผ่นดินไหวเท่านั้น"
"ประเทศเมียนมา Myanmar",https://earthquake.tmd.go.th//EQ16909,21.19,99.46,2,2.4,2026-08-01T17:52:16.000Z,Asia/Bangkok,"[EN] Micro Earthquake (2.4 ML) - SAFETY ADVICE: No action required: These micro-earthquakes are rarely felt and pose no danger. They are only detectable by seismographs.

[TH] แผ่นดินไหวระดับMicro (2.4 ML) - คำแนะนำความปลอดภัย: ไม่จำเป็นต้องดำเนินการใดๆ: แผ่นดินไหวขนาดเล็กมากเหล่านี้แทบจะไม่รู้สึกและไม่ก่อให้เกิดอันตราย สามารถตรวจพบได้โดยเครื่องวัดแผ่นดินไหวเท่านั้น"
"ประเทศเมียนมา Myanmar",https://earthquake.tmd.go.th//EQ16908,20.59,98.3,1,2.8,2026-08-01T10:43:19.000Z,Asia/Bangkok,"[EN] Micro Earthquake (2.8 ML) - SAFETY ADVICE: No action required: These micro-earthquakes are rarely felt and pose no danger. They are only detectable by seismographs.

[TH] แผ่นดินไหวระดับMicro (2.8 ML) - คำแนะนำความปลอดภัย: ไม่จำเป็นต้องดำเนินการใดๆ: แผ่นดินไหวขนาดเล็กมากเหล่านี้แทบจะไม่รู้สึกและไม่ก่อให้เกิดอันตราย สามารถตรวจพบได้โดยเครื่องวัดแผ่นดินไหวเท่านั้น"
"ประเทศเมียนมา Myanmar",https://earthquake.tmd.go.th//EQ16907,20.62,98.39,3,3.6,2026-08-01T10:34:25.000Z,Asia/Bangkok,"[EN] Minor Earthquake (3.6 ML) - SAFETY ADVICE: No special actions needed: Earthquake likely only felt by sensitive individuals at rest, especially on upper floors of buildings. Be mindful of your surroundings and stay informed.

[TH] แผ่นดินไหวระดับMinor (3.6 ML) - คำแนะนำความปลอดภัย: ไม่จำเป็นต้องดำเนินการพิเศษ: แผ่นดินไหวมักจะรู้สึกได้เฉพาะบุคคลที่ไวต่อความรู้สึกขณะพัก โดยเฉพาะบนชั้นบนของอาคาร ให้ระมัดระวังสิ่งรอบตัวและติดตามข้อมูล"
"หมู่เกาะอันดามัน ประเทศอินเดีย Andaman Islands, India Region",https://earthquake.tmd.go.th//EQ16906,11.71,95.34,10,3.6,2026-08-01T05:42:39.000Z,Asia/Bangkok,"[EN] Minor Earthquake (3.6 ML) - SAFETY ADVICE: No special actions needed: Earthquake likely only felt by sensitive individuals at rest, especially on upper floors of buildings. Be mindful of your surroundings and stay informed.

[TH] แผ่นดินไหวระดับMinor (3.6 ML) - คำแนะนำความปลอดภัย: ไม่จำเป็นต้องดำเนินการพิเศษ: แผ่นดินไหวมักจะรู้สึกได้เฉพาะบุคคลที่ไวต่อความรู้สึกขณะพัก โดยเฉพาะบนชั้นบนของอาคาร ให้ระมัดระวังสิ่งรอบตัวและติดตามข้อมูล"
"มณฑลยูนนาน, ประเทศจีน Yunnan, China",https://earthquake.tmd.go.th//EQ16905,22.79,101.29,10,4.9,2026-07-31T21:24:15.000Z,Asia/Bangkok,"[EN] Light Earthquake (4.9 ML) - SAFETY ADVICE: Stay alert: Be aware of possible light shaking. Secure loose objects that could fall. No immediate action typically needed, but be prepared to take cover if shaking intensifies.

[TH] แผ่นดินไหวระดับLight (4.9 ML) - คำแนะนำความปลอดภัย: เตรียมพร้อม: ระวังการสั่นไหวเล็กน้อยที่อาจเกิดขึ้น ยึดวัตถุที่อาจร่วงหล่น โดยทั่วไปไม่จำเป็นต้องดำเนินการทันที แต่เตรียมพร้อมที่จะหาที่กำบังหากการสั่นไหวรุนแรงขึ้น"
"ตอนเหนือของหมู่เกาะสุมาตรา ประเทศอินโดนีเซีย Northern Sumatra, Indonesia",https://earthquake.tmd.go.th//EQ16904,4.09,93.23,10,4.6,2026-07-31T08:31:30.000Z,Asia/Bangkok,"[EN] Light Earthquake (4.6 ML) - SAFETY ADVICE: Stay alert: Be aware of possible light shaking. Secure loose objects that could fall. No immediate action typically needed, but be prepared to take cover if shaking intensifies.

[TH] แผ่นดินไหวระดับLight (4.6 ML) - คำแนะนำความปลอดภัย: เตรียมพร้อม: ระวังการสั่นไหวเล็กน้อยที่อาจเกิดขึ้น ยึดวัตถุที่อาจร่วงหล่น โดยทั่วไปไม่จำเป็นต้องดำเนินการทันที แต่เตรียมพร้อมที่จะหาที่กำบังหากการสั่นไหวรุนแรงขึ้น"
"ประเทศเมียนมา Myanmar",https://earthquake.tmd.go.th//EQ16903,21.06,99.91,10,2.4,2026-07-30T21:57:22.000Z,Asia/Bangkok,"[EN] Micro Earthquake (2.4 ML) - SAFETY ADVICE: No action required: These micro-earthquakes are rarely felt and pose no danger. They are only detectable by seismographs.

[TH] แผ่นดินไหวระดับMicro (2.4 ML) - คำแนะนำความปลอดภัย: ไม่จำเป็นต้องดำเนินการใดๆ: แผ่นดินไหวขนาดเล็กมากเหล่านี้แทบจะไม่รู้สึกและไม่ก่อให้เกิดอันตราย สามารถตรวจพบได้โดยเครื่องวัดแผ่นดินไหวเท่านั้น"
"ประเทศเมียนมา Myanmar",https://earthquake.tmd.go.th//EQ16902,20.54,99.3,10,2.1,2026-07-30T19:57:42.000Z,Asia/Bangkok,"[EN] Micro Earthquake (2.1 ML) - SAFETY ADVICE: No action required: These micro-earthquakes are rarely felt and pose no danger. They are only detectable by seismographs.

[TH] แผ่นดินไหวระดับMicro (2.1 ML) - คำแนะนำความปลอดภัย: ไม่จำเป็นต้องดำเนินการใดๆ: แผ่นดินไหวขนาดเล็กมากเหล่านี้แทบจะไม่รู้สึกและไม่ก่อให้เกิดอันตราย สามารถตรวจพบได้โดยเครื่องวัดแผ่นดินไหวเท่านั้น"
"ประเทศเมียนมา Myanmar",https://earthquake.tmd.go.th//EQ16901,20.27,98.08,10,2.4,2026-07-30T10:32:26.000Z,Asia/Bangkok,"[EN] Micro Earthquake (2.4 ML) - SAFETY ADVICE: No action required: These micro-earthquakes are rarely felt and pose no danger. They are only detectable by seismographs.

[TH] แผ่นดินไหวระดับMicro (2.4 ML) - คำแนะนำความปลอดภัย: ไม่จำเป็นต้องดำเนินการใดๆ: แผ่นดินไหวขนาดเล็กมากเหล่านี้แทบจะไม่รู้สึกและไม่ก่อให้เกิดอันตราย สามารถตรวจพบได้โดยเครื่องวัดแผ่นดินไหวเท่านั้น"
"พรมแดนประเทศเมียนมา - ประเทศจีน Myanmar - China Border Region",https://earthquake.tmd.go.th//EQ16900,22.33,98.94,10,3.7,2026-07-30T06:16:02.000Z,Asia/Bangkok,"[EN] Minor Earthquake (3.7 ML) - SAFETY ADVICE: No special actions needed: Earthquake likely only felt by sensitive individuals at rest, especially on upper floors of buildings. Be mindful of your surroundings and stay informed.

[TH] แผ่นดินไหวระดับMinor (3.7 ML) - คำแนะนำความปลอดภัย: ไม่จำเป็นต้องดำเนินการพิเศษ: แผ่นดินไหวมักจะรู้สึกได้เฉพาะบุคคลที่ไวต่อความรู้สึกขณะพัก โดยเฉพาะบนชั้นบนของอาคาร ให้ระมัดระวังสิ่งรอบตัวและติดตามข้อมูล"
"พรมแดนประเทศเมียนมา - ประเทศจีน Myanmar - China Border Region",https://earthquake.tmd.go.th//EQ16899,22.38,99.01,10,3.4,2026-07-30T01:26:01.000Z,Asia/Bangkok,"[EN] Minor Earthquake (3.4 ML) - SAFETY ADVICE: No special actions needed: Earthquake likely only felt by sensitive individuals at rest, especially on upper floors of buildings. Be mindful of your surroundings and stay informed.

[TH] แผ่นดินไหวระดับMinor (3.4 ML) - คำแนะนำความปลอดภัย: ไม่จำเป็นต้องดำเนินการพิเศษ: แผ่นดินไหวมักจะรู้สึกได้เฉพาะบุคคลที่ไวต่อความรู้สึกขณะพัก โดยเฉพาะบนชั้นบนของอาคาร ให้ระมัดระวังสิ่งรอบตัวและติดตามข้อมูล"
"ต.แม่หละ อ.ท่าสองยาง จ.ตาก Tambon Mae La, Amphoe ThaSongYang, Tak",https://earthquake.tmd.go.th//EQ16898,17.15,98.35,3,2.3,2026-07-29T22:42:23.000Z,Asia/Bangkok,"[EN] Micro Earthquake (2.3 ML) - SAFETY ADVICE: No action required: These micro-earthquakes are rarely felt and pose no danger. They are only detectable by seismographs.

[TH] แผ่นดินไหวระดับMicro (2.3 ML) - คำแนะนำความปลอดภัย: ไม่จำเป็นต้องดำเนินการใดๆ: แผ่นดินไหวขนาดเล็กมากเหล่านี้แทบจะไม่รู้สึกและไม่ก่อให้เกิดอันตราย สามารถตรวจพบได้โดยเครื่องวัดแผ่นดินไหวเท่านั้น"
"พรมแดนประเทศเมียนมา - ประเทศจีน Myanmar - China Border Region",https://earthquake.tmd.go.th//EQ16897,24.51,97.69,10,3.4,2026-07-29T19:31:50.000Z,Asia/Bangkok,"[EN] Minor Earthquake (3.4 ML) - SAFETY ADVICE: No special actions needed: Earthquake likely only felt by sensitive individuals at rest, especially on upper floors of buildings. Be mindful of your surroundings and stay informed.

[TH] แผ่นดินไหวระดับMinor (3.4 ML) - คำแนะนำความปลอดภัย: ไม่จำเป็นต้องดำเนินการพิเศษ: แผ่นดินไหวมักจะรู้สึกได้เฉพาะบุคคลที่ไวต่อความรู้สึกขณะพัก โดยเฉพาะบนชั้นบนของอาคาร ให้ระมัดระวังสิ่งรอบตัวและติดตามข้อมูล"
"ประเทศเมียนมา Myanmar",https://earthquake.tmd.go.th//EQ16896,21.98,96.17,10,4.6,2026-07-29T14:02:45.000Z,Asia/Bangkok,"[EN] Light Earthquake (4.6 ML) - SAFETY ADVICE: Stay alert: Be aware of possible light shaking. Secure loose objects that could fall. No immediate action typically needed, but be prepared to take cover if shaking intensifies.

[TH] แผ่นดินไหวระดับLight (4.6 ML) - คำแนะนำความปลอดภัย: เตรียมพร้อม: ระวังการสั่นไหวเล็กน้อยที่อาจเกิดขึ้น ยึดวัตถุที่อาจร่วงหล่น โดยทั่วไปไม่จำเป็นต้องดำเนินการทันที แต่เตรียมพร้อมที่จะหาที่กำบังหากการสั่นไหวรุนแรงขึ้น"
"ต.เวียงเหนือ อ.ปาย จ.แม่ฮ่องสอน Tambon Wiang Nuea, Amphoe Pai, MaeHongSon",https://earthquake.tmd.go.th//EQ16895,19.37,98.51,1,1.9,2026-07-29T08:02:43.000Z,Asia/Bangkok,"[EN] Micro Earthquake (1.9 ML) - SAFETY ADVICE: No action required: These micro-earthquakes are rarely felt and pose no danger. They are only detectable by seismographs.

[TH] แผ่นดินไหวระดับMicro (1.9 ML) - คำแนะนำความปลอดภัย: ไม่จำเป็นต้องดำเนินการใดๆ: แผ่นดินไหวขนาดเล็กมากเหล่านี้แทบจะไม่รู้สึกและไม่ก่อให้เกิดอันตราย สามารถตรวจพบได้โดยเครื่องวัดแผ่นดินไหวเท่านั้น"
"พรมแดนประเทศเมียนมา - ประเทศจีน Myanmar - China Border Region",https://earthquake.tmd.go.th//EQ16894,24.6,97.91,10,3.7,2026-07-28T16:53:14.000Z,Asia/Bangkok,"[EN] Minor Earthquake (3.7 ML) - SAFETY ADVICE: No special actions needed: Earthquake likely only felt by sensitive individuals at rest, especially on upper floors of buildings. Be mindful of your surroundings and stay informed.

[TH] แผ่นดินไหวระดับMinor (3.7 ML) - คำแนะนำความปลอดภัย: ไม่จำเป็นต้องดำเนินการพิเศษ: แผ่นดินไหวมักจะรู้สึกได้เฉพาะบุคคลที่ไวต่อความรู้สึกขณะพัก โดยเฉพาะบนชั้นบนของอาคาร ให้ระมัดระวังสิ่งรอบตัวและติดตามข้อมูล"
"ประเทศเมียนมา Myanmar",https://earthquake.tmd.go.th//EQ16892,20.35,98.44,1,2.4,2026-07-28T12:27:22.000Z,Asia/Bangkok,"[EN] Micro Earthquake (2.4 ML) - SAFETY ADVICE: No action required: These micro-earthquakes are rarely felt and pose no danger. They are only detectable by seismographs.

[TH] แผ่นดินไหวระดับMicro (2.4 ML) - คำแนะนำความปลอดภัย: ไม่จำเป็นต้องดำเนินการใดๆ: แผ่นดินไหวขนาดเล็กมากเหล่านี้แทบจะไม่รู้สึกและไม่ก่อให้เกิดอันตราย สามารถตรวจพบได้โดยเครื่องวัดแผ่นดินไหวเท่านั้น"
"ประเทศเมียนมา Myanmar",https://earthquake.tmd.go.th//EQ16893,16.99,95.46,10,3.4,2026-07-28T11:25:33.000Z,Asia/Bangkok,"[EN] Minor Earthquake (3.4 ML) - SAFETY ADVICE: No special actions needed: Earthquake likely only felt by sensitive individuals at rest, especially on upper floors of buildings. Be mindful of your surroundings and stay informed.

[TH] แผ่นดินไหวระดับMinor (3.4 ML) - คำแนะนำความปลอดภัย: ไม่จำเป็นต้องดำเนินการพิเศษ: แผ่นดินไหวมักจะรู้สึกได้เฉพาะบุคคลที่ไวต่อความรู้สึกขณะพัก โดยเฉพาะบนชั้นบนของอาคาร ให้ระมัดระวังสิ่งรอบตัวและติดตามข้อมูล"
"หมู่เกาะอันดามัน ประเทศอินเดีย Andaman Islands, India Region",https://earthquake.tmd.go.th//EQ16891,12.66,92.64,10,4.4,2026-07-28T11:24:34.000Z,Asia/Bangkok,"[EN] Light Earthquake (4.4 ML) - SAFETY ADVICE: Stay alert: Be aware of possible light shaking. Secure loose objects that could fall. No immediate action typically needed, but be prepared to take cover if shaking intensifies.

[TH] แผ่นดินไหวระดับLight (4.4 ML) - คำแนะนำความปลอดภัย: เตรียมพร้อม: ระวังการสั่นไหวเล็กน้อยที่อาจเกิดขึ้น ยึดวัตถุที่อาจร่วงหล่น โดยทั่วไปไม่จำเป็นต้องดำเนินการทันที แต่เตรียมพร้อมที่จะหาที่กำบังหากการสั่นไหวรุนแรงขึ้น"
"ประเทศเมียนมา Myanmar",https://earthquake.tmd.go.th//EQ16890,19.77,96.4,10,3.3,2026-07-28T04:44:15.000Z,Asia/Bangkok,"[EN] Minor Earthquake (3.3 ML) - SAFETY ADVICE: No special actions needed: Earthquake likely only felt by sensitive individuals at rest, especially on upper floors of buildings. Be mindful of your surroundings and stay informed.

[TH] แผ่นดินไหวระดับMinor (3.3 ML) - คำแนะนำความปลอดภัย: ไม่จำเป็นต้องดำเนินการพิเศษ: แผ่นดินไหวมักจะรู้สึกได้เฉพาะบุคคลที่ไวต่อความรู้สึกขณะพัก โดยเฉพาะบนชั้นบนของอาคาร ให้ระมัดระวังสิ่งรอบตัวและติดตามข้อมูล"
"ประเทศลาว Laos",https://earthquake.tmd.go.th//EQ16889,18.42,101.2,10,3.6,2026-07-28T02:57:20.000Z,Asia/Bangkok,"[EN] Minor Earthquake (3.6 ML) - SAFETY ADVICE: No special actions needed: Earthquake likely only felt by sensitive individuals at rest, especially on upper floors of buildings. Be mindful of your surroundings and stay informed.

[TH] แผ่นดินไหวระดับMinor (3.6 ML) - คำแนะนำความปลอดภัย: ไม่จำเป็นต้องดำเนินการพิเศษ: แผ่นดินไหวมักจะรู้สึกได้เฉพาะบุคคลที่ไวต่อความรู้สึกขณะพัก โดยเฉพาะบนชั้นบนของอาคาร ให้ระมัดระวังสิ่งรอบตัวและติดตามข้อมูล"
"ประเทศเมียนมา Myanmar",https://earthquake.tmd.go.th//EQ16888,21.58,96.71,10,3.1,2026-07-27T09:31:33.000Z,Asia/Bangkok,"[EN] Minor Earthquake (3.1 ML) - SAFETY ADVICE: No special actions needed: Earthquake likely only felt by sensitive individuals at rest, especially on upper floors of buildings. Be mindful of your surroundings and stay informed.

[TH] แผ่นดินไหวระดับMinor (3.1 ML) - คำแนะนำความปลอดภัย: ไม่จำเป็นต้องดำเนินการพิเศษ: แผ่นดินไหวมักจะรู้สึกได้เฉพาะบุคคลที่ไวต่อความรู้สึกขณะพัก โดยเฉพาะบนชั้นบนของอาคาร ให้ระมัดระวังสิ่งรอบตัวและติดตามข้อมูล"
"ตอนเหนือของหมู่เกาะสุมาตรา ประเทศอินโดนีเซีย Northern Sumatra, Indonesia",https://earthquake.tmd.go.th//EQ16887,1.66,99.06,10,4.3,2026-07-27T00:50:51.000Z,Asia/Bangkok,"[EN] Light Earthquake (4.3 ML) - SAFETY ADVICE: Stay alert: Be aware of possible light shaking. Secure loose objects that could fall. No immediate action typically needed, but be prepared to take cover if shaking intensifies.

[TH] แผ่นดินไหวระดับLight (4.3 ML) - คำแนะนำความปลอดภัย: เตรียมพร้อม: ระวังการสั่นไหวเล็กน้อยที่อาจเกิดขึ้น ยึดวัตถุที่อาจร่วงหล่น โดยทั่วไปไม่จำเป็นต้องดำเนินการทันที แต่เตรียมพร้อมที่จะหาที่กำบังหากการสั่นไหวรุนแรงขึ้น"
"ต.แม่ปั๋ง อ.พร้าว จ.เชียงใหม่ Tambon Mae Pang, Amphoe Phrao, ChiangMai",https://earthquake.tmd.go.th//EQ16886,19.18,99.18,1,1.4,2026-07-26T14:37:58.000Z,Asia/Bangkok,"[EN] Micro Earthquake (1.4 ML) - SAFETY ADVICE: No action required: These micro-earthquakes are rarely felt and pose no danger. They are only detectable by seismographs.

[TH] แผ่นดินไหวระดับMicro (1.4 ML) - คำแนะนำความปลอดภัย: ไม่จำเป็นต้องดำเนินการใดๆ: แผ่นดินไหวขนาดเล็กมากเหล่านี้แทบจะไม่รู้สึกและไม่ก่อให้เกิดอันตราย สามารถตรวจพบได้โดยเครื่องวัดแผ่นดินไหวเท่านั้น"
"ประเทศเมียนมา Myanmar",https://earthquake.tmd.go.th//EQ16885,20.12,97.89,10,2.9,2026-07-26T04:02:48.000Z,Asia/Bangkok,"[EN] Micro Earthquake (2.9 ML) - SAFETY ADVICE: No action required: These micro-earthquakes are rarely felt and pose no danger. They are only detectable by seismographs.

[TH] แผ่นดินไหวระดับMicro (2.9 ML) - คำแนะนำความปลอดภัย: ไม่จำเป็นต้องดำเนินการใดๆ: แผ่นดินไหวขนาดเล็กมากเหล่านี้แทบจะไม่รู้สึกและไม่ก่อให้เกิดอันตราย สามารถตรวจพบได้โดยเครื่องวัดแผ่นดินไหวเท่านั้น"
"ประเทศเมียนมา Myanmar",https://earthquake.tmd.go.th//EQ16884,20.98,100.01,10,2,2026-07-26T01:51:43.000Z,Asia/Bangkok,"[EN] Micro Earthquake (2.0 ML) - SAFETY ADVICE: No action required: These micro-earthquakes are rarely felt and pose no danger. They are only detectable by seismographs.

[TH] แผ่นดินไหวระดับMicro (2.0 ML) - คำแนะนำความปลอดภัย: ไม่จำเป็นต้องดำเนินการใดๆ: แผ่นดินไหวขนาดเล็กมากเหล่านี้แทบจะไม่รู้สึกและไม่ก่อให้เกิดอันตราย สามารถตรวจพบได้โดยเครื่องวัดแผ่นดินไหวเท่านั้น"
"ประเทศเมียนมา Myanmar",https://earthquake.tmd.go.th//EQ16883,19.96,97.94,5,2.8,2026-07-26T00:28:07.000Z,Asia/Bangkok,"[EN] Micro Earthquake (2.8 ML) - SAFETY ADVICE: No action required: These micro-earthquakes are rarely felt and pose no danger. They are only detectable by seismographs.

[TH] แผ่นดินไหวระดับMicro (2.8 ML) - คำแนะนำความปลอดภัย: ไม่จำเป็นต้องดำเนินการใดๆ: แผ่นดินไหวขนาดเล็กมากเหล่านี้แทบจะไม่รู้สึกและไม่ก่อให้เกิดอันตราย สามารถตรวจพบได้โดยเครื่องวัดแผ่นดินไหวเท่านั้น"
"ตอนเหนือของหมู่เกาะสุมาตรา ประเทศอินโดนีเซีย Northern Sumatra, Indonesia",https://earthquake.tmd.go.th//EQ16882,5.28,94.79,10,3.4,2026-07-25T21:50:14.000Z,Asia/Bangkok,"[EN] Minor Earthquake (3.4 ML) - SAFETY ADVICE: No special actions needed: Earthquake likely only felt by sensitive individuals at rest, especially on upper floors of buildings. Be mindful of your surroundings and stay informed.

[TH] แผ่นดินไหวระดับMinor (3.4 ML) - คำแนะนำความปลอดภัย: ไม่จำเป็นต้องดำเนินการพิเศษ: แผ่นดินไหวมักจะรู้สึกได้เฉพาะบุคคลที่ไวต่อความรู้สึกขณะพัก โดยเฉพาะบนชั้นบนของอาคาร ให้ระมัดระวังสิ่งรอบตัวและติดตามข้อมูล"
"ประเทศเมียนมา Myanmar",https://earthquake.tmd.go.th//EQ16881,19.16,96.92,5,2,2026-07-25T16:59:53.000Z,Asia/Bangkok,"[EN] Micro Earthquake (2.0 ML) - SAFETY ADVICE: No action required: These micro-earthquakes are rarely felt and pose no danger. They are only detectable by seismographs.

[TH] แผ่นดินไหวระดับMicro (2.0 ML) - คำแนะนำความปลอดภัย: ไม่จำเป็นต้องดำเนินการใดๆ: แผ่นดินไหวขนาดเล็กมากเหล่านี้แทบจะไม่รู้สึกและไม่ก่อให้เกิดอันตราย สามารถตรวจพบได้โดยเครื่องวัดแผ่นดินไหวเท่านั้น"
"ประเทศเมียนมา Myanmar",https://earthquake.tmd.go.th//EQ16880,19.01,97.04,5,3.7,2026-07-25T16:46:08.000Z,Asia/Bangkok,"[EN] Minor Earthquake (3.7 ML) - SAFETY ADVICE: No special actions needed: Earthquake likely only felt by sensitive individuals at rest, especially on upper floors of buildings. Be mindful of your surroundings and stay informed.

[TH] แผ่นดินไหวระดับMinor (3.7 ML) - คำแนะนำความปลอดภัย: ไม่จำเป็นต้องดำเนินการพิเศษ: แผ่นดินไหวมักจะรู้สึกได้เฉพาะบุคคลที่ไวต่อความรู้สึกขณะพัก โดยเฉพาะบนชั้นบนของอาคาร ให้ระมัดระวังสิ่งรอบตัวและติดตามข้อมูล"
"ประเทศเมียนมา Myanmar",https://earthquake.tmd.go.th//EQ16879,21.88,96.74,10,3.4,2026-07-24T19:57:28.000Z,Asia/Bangkok,"[EN] Minor Earthquake (3.4 ML) - SAFETY ADVICE: No special actions needed: Earthquake likely only felt by sensitive individuals at rest, especially on upper floors of buildings. Be mindful of your surroundings and stay informed.

[TH] แผ่นดินไหวระดับMinor (3.4 ML) - คำแนะนำความปลอดภัย: ไม่จำเป็นต้องดำเนินการพิเศษ: แผ่นดินไหวมักจะรู้สึกได้เฉพาะบุคคลที่ไวต่อความรู้สึกขณะพัก โดยเฉพาะบนชั้นบนของอาคาร ให้ระมัดระวังสิ่งรอบตัวและติดตามข้อมูล"
"ประเทศเมียนมา Myanmar",https://earthquake.tmd.go.th//EQ16878,19.24,96.7,10,2.7,2026-07-24T16:56:23.000Z,Asia/Bangkok,"[EN] Micro Earthquake (2.7 ML) - SAFETY ADVICE: No action required: These micro-earthquakes are rarely felt and pose no danger. They are only detectable by seismographs.

[TH] แผ่นดินไหวระดับMicro (2.7 ML) - คำแนะนำความปลอดภัย: ไม่จำเป็นต้องดำเนินการใดๆ: แผ่นดินไหวขนาดเล็กมากเหล่านี้แทบจะไม่รู้สึกและไม่ก่อให้เกิดอันตราย สามารถตรวจพบได้โดยเครื่องวัดแผ่นดินไหวเท่านั้น"
"มณฑลยูนนาน, ประเทศจีน Yunnan, China",https://earthquake.tmd.go.th//EQ16877,22.78,101.61,9,3.5,2026-07-24T04:30:23.000Z,Asia/Bangkok,"[EN] Minor Earthquake (3.5 ML) - SAFETY ADVICE: No special actions needed: Earthquake likely only felt by sensitive individuals at rest, especially on upper floors of buildings. Be mindful of your surroundings and stay informed.

[TH] แผ่นดินไหวระดับMinor (3.5 ML) - คำแนะนำความปลอดภัย: ไม่จำเป็นต้องดำเนินการพิเศษ: แผ่นดินไหวมักจะรู้สึกได้เฉพาะบุคคลที่ไวต่อความรู้สึกขณะพัก โดยเฉพาะบนชั้นบนของอาคาร ให้ระมัดระวังสิ่งรอบตัวและติดตามข้อมูล"
"พรมแดนประเทศเมียนมา - ประเทศจีน Myanmar - China Border Region",https://earthquake.tmd.go.th//EQ16876,22.51,98.99,10,3.6,2026-07-24T00:29:19.000Z,Asia/Bangkok,"[EN] Minor Earthquake (3.6 ML) - SAFETY ADVICE: No special actions needed: Earthquake likely only felt by sensitive individuals at rest, especially on upper floors of buildings. Be mindful of your surroundings and stay informed.

[TH] แผ่นดินไหวระดับMinor (3.6 ML) - คำแนะนำความปลอดภัย: ไม่จำเป็นต้องดำเนินการพิเศษ: แผ่นดินไหวมักจะรู้สึกได้เฉพาะบุคคลที่ไวต่อความรู้สึกขณะพัก โดยเฉพาะบนชั้นบนของอาคาร ให้ระมัดระวังสิ่งรอบตัวและติดตามข้อมูล"
"ประเทศเมียนมา Myanmar",https://earthquake.tmd.go.th//EQ16875,18.71,94.73,10,3.7,2026-07-23T18:21:35.000Z,Asia/Bangkok,"[EN] Minor Earthquake (3.7 ML) - SAFETY ADVICE: No special actions needed: Earthquake likely only felt by sensitive individuals at rest, especially on upper floors of buildings. Be mindful of your surroundings and stay informed.

[TH] แผ่นดินไหวระดับMinor (3.7 ML) - คำแนะนำความปลอดภัย: ไม่จำเป็นต้องดำเนินการพิเศษ: แผ่นดินไหวมักจะรู้สึกได้เฉพาะบุคคลที่ไวต่อความรู้สึกขณะพัก โดยเฉพาะบนชั้นบนของอาคาร ให้ระมัดระวังสิ่งรอบตัวและติดตามข้อมูล"
"ต. สันทราย  อ.พร้าว จ.เชียงใหม่ Tambon San Sai, Amphoe Phrao, ChiangMai",https://earthquake.tmd.go.th//EQ16874,19.53,99.14,2,1.9,2026-07-23T13:52:56.000Z,Asia/Bangkok,"[EN] Micro Earthquake (1.9 ML) - SAFETY ADVICE: No action required: These micro-earthquakes are rarely felt and pose no danger. They are only detectable by seismographs.

[TH] แผ่นดินไหวระดับMicro (1.9 ML) - คำแนะนำความปลอดภัย: ไม่จำเป็นต้องดำเนินการใดๆ: แผ่นดินไหวขนาดเล็กมากเหล่านี้แทบจะไม่รู้สึกและไม่ก่อให้เกิดอันตราย สามารถตรวจพบได้โดยเครื่องวัดแผ่นดินไหวเท่านั้น"
"ประเทศเมียนมา Myanmar",https://earthquake.tmd.go.th//EQ16873,22.91,95.37,10,4.2,2026-07-23T04:06:18.000Z,Asia/Bangkok,"[EN] Light Earthquake (4.2 ML) - SAFETY ADVICE: Stay alert: Be aware of possible light shaking. Secure loose objects that could fall. No immediate action typically needed, but be prepared to take cover if shaking intensifies.

[TH] แผ่นดินไหวระดับLight (4.2 ML) - คำแนะนำความปลอดภัย: เตรียมพร้อม: ระวังการสั่นไหวเล็กน้อยที่อาจเกิดขึ้น ยึดวัตถุที่อาจร่วงหล่น โดยทั่วไปไม่จำเป็นต้องดำเนินการทันที แต่เตรียมพร้อมที่จะหาที่กำบังหากการสั่นไหวรุนแรงขึ้น"
"ประเทศลาว Laos",https://earthquake.tmd.go.th//EQ16872,20.74,101.98,10,2.7,2026-07-23T02:36:26.000Z,Asia/Bangkok,"[EN] Micro Earthquake (2.7 ML) - SAFETY ADVICE: No action required: These micro-earthquakes are rarely felt and pose no danger. They are only detectable by seismographs.

[TH] แผ่นดินไหวระดับMicro (2.7 ML) - คำแนะนำความปลอดภัย: ไม่จำเป็นต้องดำเนินการใดๆ: แผ่นดินไหวขนาดเล็กมากเหล่านี้แทบจะไม่รู้สึกและไม่ก่อให้เกิดอันตราย สามารถตรวจพบได้โดยเครื่องวัดแผ่นดินไหวเท่านั้น"
"ประเทศเมียนมา Myanmar",https://earthquake.tmd.go.th//EQ16871,19.94,98.06,5,2.6,2026-07-22T21:57:43.000Z,Asia/Bangkok,"[EN] Micro Earthquake (2.6 ML) - SAFETY ADVICE: No action required: These micro-earthquakes are rarely felt and pose no danger. They are only detectable by seismographs.

[TH] แผ่นดินไหวระดับMicro (2.6 ML) - คำแนะนำความปลอดภัย: ไม่จำเป็นต้องดำเนินการใดๆ: แผ่นดินไหวขนาดเล็กมากเหล่านี้แทบจะไม่รู้สึกและไม่ก่อให้เกิดอันตราย สามารถตรวจพบได้โดยเครื่องวัดแผ่นดินไหวเท่านั้น"
"ตอนเหนือของหมู่เกาะสุมาตรา ประเทศอินโดนีเซีย Northern Sumatra, Indonesia",https://earthquake.tmd.go.th//EQ16870,4.25,97.43,10,4.5,2026-07-22T17:36:39.000Z,Asia/Bangkok,"[EN] Light Earthquake (4.5 ML) - SAFETY ADVICE: Stay alert: Be aware of possible light shaking. Secure loose objects that could fall. No immediate action typically needed, but be prepared to take cover if shaking intensifies.

[TH] แผ่นดินไหวระดับLight (4.5 ML) - คำแนะนำความปลอดภัย: เตรียมพร้อม: ระวังการสั่นไหวเล็กน้อยที่อาจเกิดขึ้น ยึดวัตถุที่อาจร่วงหล่น โดยทั่วไปไม่จำเป็นต้องดำเนินการทันที แต่เตรียมพร้อมที่จะหาที่กำบังหากการสั่นไหวรุนแรงขึ้น"
"ต.สันทราย อ.พร้าว จ.เชียงใหม่ Tambon San Sai, Amphoe Phrao, ChiangMai",https://earthquake.tmd.go.th//EQ16869,19.55,99.15,3,2.4,2026-07-22T16:22:06.000Z,Asia/Bangkok,"[EN] Micro Earthquake (2.4 ML) - SAFETY ADVICE: No action required: These micro-earthquakes are rarely felt and pose no danger. They are only detectable by seismographs.

[TH] แผ่นดินไหวระดับMicro (2.4 ML) - คำแนะนำความปลอดภัย: ไม่จำเป็นต้องดำเนินการใดๆ: แผ่นดินไหวขนาดเล็กมากเหล่านี้แทบจะไม่รู้สึกและไม่ก่อให้เกิดอันตราย สามารถตรวจพบได้โดยเครื่องวัดแผ่นดินไหวเท่านั้น"
"ประเทศลาว Laos",https://earthquake.tmd.go.th//EQ16868,20.88,101.97,10,2.4,2026-07-22T09:37:28.000Z,Asia/Bangkok,"[EN] Micro Earthquake (2.4 ML) - SAFETY ADVICE: No action required: These micro-earthquakes are rarely felt and pose no danger. They are only detectable by seismographs.

[TH] แผ่นดินไหวระดับMicro (2.4 ML) - คำแนะนำความปลอดภัย: ไม่จำเป็นต้องดำเนินการใดๆ: แผ่นดินไหวขนาดเล็กมากเหล่านี้แทบจะไม่รู้สึกและไม่ก่อให้เกิดอันตราย สามารถตรวจพบได้โดยเครื่องวัดแผ่นดินไหวเท่านั้น"
"ต.สะเมิงเหนือ อ.สะเมิง จ.เชียงใหม่ Tambon Samoengnuea, Amphoe Samoeng, ChiangMai",https://earthquake.tmd.go.th//EQ16867,19.03,98.73,7,2,2026-07-22T09:20:07.000Z,Asia/Bangkok,"[EN] Micro Earthquake (2.0 ML) - SAFETY ADVICE: No action required: These micro-earthquakes are rarely felt and pose no danger. They are only detectable by seismographs.

[TH] แผ่นดินไหวระดับMicro (2.0 ML) - คำแนะนำความปลอดภัย: ไม่จำเป็นต้องดำเนินการใดๆ: แผ่นดินไหวขนาดเล็กมากเหล่านี้แทบจะไม่รู้สึกและไม่ก่อให้เกิดอันตราย สามารถตรวจพบได้โดยเครื่องวัดแผ่นดินไหวเท่านั้น"
"ต.สะเมิงเหนือ อ.สะเมิง จ.เชียงใหม่ Tambon samoengnuea, Amphoe Samoeng, ChiangMai",https://earthquake.tmd.go.th//EQ16866,19.03,98.74,10,2.3,2026-07-22T09:19:12.000Z,Asia/Bangkok,"[EN] Micro Earthquake (2.3 ML) - SAFETY ADVICE: No action required: These micro-earthquakes are rarely felt and pose no danger. They are only detectable by seismographs.

[TH] แผ่นดินไหวระดับMicro (2.3 ML) - คำแนะนำความปลอดภัย: ไม่จำเป็นต้องดำเนินการใดๆ: แผ่นดินไหวขนาดเล็กมากเหล่านี้แทบจะไม่รู้สึกและไม่ก่อให้เกิดอันตราย สามารถตรวจพบได้โดยเครื่องวัดแผ่นดินไหวเท่านั้น"
"ประเทศเมียนมา Myanmar",https://earthquake.tmd.go.th//EQ16865,18.98,96.39,10,3,2026-07-22T08:43:50.000Z,Asia/Bangkok,"[EN] Minor Earthquake (3.0 ML) - SAFETY ADVICE: No special actions needed: Earthquake likely only felt by sensitive individuals at rest, especially on upper floors of buildings. Be mindful of your surroundings and stay informed.

[TH] แผ่นดินไหวระดับMinor (3.0 ML) - คำแนะนำความปลอดภัย: ไม่จำเป็นต้องดำเนินการพิเศษ: แผ่นดินไหวมักจะรู้สึกได้เฉพาะบุคคลที่ไวต่อความรู้สึกขณะพัก โดยเฉพาะบนชั้นบนของอาคาร ให้ระมัดระวังสิ่งรอบตัวและติดตามข้อมูล"
"ตอนเหนือของหมู่เกาะสุมาตรา ประเทศอินโดนีเซีย Northern Sumatra, Indonesia",https://earthquake.tmd.go.th//EQ16864,4.52,98.04,10,4.4,2026-07-22T04:41:07.000Z,Asia/Bangkok,"[EN] Light Earthquake (4.4 ML) - SAFETY ADVICE: Stay alert: Be aware of possible light shaking. Secure loose objects that could fall. No immediate action typically needed, but be prepared to take cover if shaking intensifies.

[TH] แผ่นดินไหวระดับLight (4.4 ML) - คำแนะนำความปลอดภัย: เตรียมพร้อม: ระวังการสั่นไหวเล็กน้อยที่อาจเกิดขึ้น ยึดวัตถุที่อาจร่วงหล่น โดยทั่วไปไม่จำเป็นต้องดำเนินการทันที แต่เตรียมพร้อมที่จะหาที่กำบังหากการสั่นไหวรุนแรงขึ้น"
"ตอนเหนือของหมู่เกาะสุมาตรา ประเทศอินโดนีเซีย Northern Sumatra, Indonesia",https://earthquake.tmd.go.th//EQ16863,4.23,97.66,10,5.1,2026-07-22T04:18:23.000Z,Asia/Bangkok,"[EN] Moderate Earthquake (5.1 ML) - SAFETY ADVICE: Take precautions: Stay away from objects that could fall. Expect minor damage to well-built structures. Find safe locations to shelter. Be prepared for aftershocks. Check news sources for updates and instructions.

[TH] แผ่นดินไหวระดับModerate (5.1 ML) - คำแนะนำความปลอดภัย: ใช้ความระมัดระวัง: อยู่ห่างจากวัตถุที่อาจร่วงหล่น คาดการณ์ความเสียหายเล็กน้อยต่ออาคารที่สร้างอย่างดี หาที่หลบภัยที่ปลอดภัย เตรียมพร้อมสำหรับแผ่นดินไหวตาม ติดตามข่าวสารเพื่อรับการอัปเดตและคำแนะนำ"
"มณฑลยูนนาน, ประเทศจีน Yunnan, China",https://earthquake.tmd.go.th//EQ16862,23.47,101.76,5,4,2026-07-22T03:45:28.000Z,Asia/Bangkok,"[EN] Light Earthquake (4.0 ML) - SAFETY ADVICE: Stay alert: Be aware of possible light shaking. Secure loose objects that could fall. No immediate action typically needed, but be prepared to take cover if shaking intensifies.

[TH] แผ่นดินไหวระดับLight (4.0 ML) - คำแนะนำความปลอดภัย: เตรียมพร้อม: ระวังการสั่นไหวเล็กน้อยที่อาจเกิดขึ้น ยึดวัตถุที่อาจร่วงหล่น โดยทั่วไปไม่จำเป็นต้องดำเนินการทันที แต่เตรียมพร้อมที่จะหาที่กำบังหากการสั่นไหวรุนแรงขึ้น"
"ประเทศเมียนมา Myanmar",https://earthquake.tmd.go.th//EQ16861,23.48,96.41,8,4,2026-07-21T22:16:37.000Z,Asia/Bangkok,"[EN] Light Earthquake (4.0 ML) - SAFETY ADVICE: Stay alert: Be aware of possible light shaking. Secure loose objects that could fall. No immediate action typically needed, but be prepared to take cover if shaking intensifies.

[TH] แผ่นดินไหวระดับLight (4.0 ML) - คำแนะนำความปลอดภัย: เตรียมพร้อม: ระวังการสั่นไหวเล็กน้อยที่อาจเกิดขึ้น ยึดวัตถุที่อาจร่วงหล่น โดยทั่วไปไม่จำเป็นต้องดำเนินการทันที แต่เตรียมพร้อมที่จะหาที่กำบังหากการสั่นไหวรุนแรงขึ้น"
"พรมแดนประเทศเมียนมา - ประเทศจีน Myanmar - China Border Region",https://earthquake.tmd.go.th//EQ16860,22.93,101.6,8,3.9,2026-07-21T21:14:48.000Z,Asia/Bangkok,"[EN] Minor Earthquake (3.9 ML) - SAFETY ADVICE: No special actions needed: Earthquake likely only felt by sensitive individuals at rest, especially on upper floors of buildings. Be mindful of your surroundings and stay informed.

[TH] แผ่นดินไหวระดับMinor (3.9 ML) - คำแนะนำความปลอดภัย: ไม่จำเป็นต้องดำเนินการพิเศษ: แผ่นดินไหวมักจะรู้สึกได้เฉพาะบุคคลที่ไวต่อความรู้สึกขณะพัก โดยเฉพาะบนชั้นบนของอาคาร ให้ระมัดระวังสิ่งรอบตัวและติดตามข้อมูล"
"พรมแดนประเทศเมียนมา - ประเทศจีน Myanmar - China Border Region",https://earthquake.tmd.go.th//EQ16859,22.93,101.41,9,5.4,2026-07-21T11:43:12.000Z,Asia/Bangkok,"[EN] Moderate Earthquake (5.4 ML) - SAFETY ADVICE: Take precautions: Stay away from objects that could fall. Expect minor damage to well-built structures. Find safe locations to shelter. Be prepared for aftershocks. Check news sources for updates and instructions.

[TH] แผ่นดินไหวระดับModerate (5.4 ML) - คำแนะนำความปลอดภัย: ใช้ความระมัดระวัง: อยู่ห่างจากวัตถุที่อาจร่วงหล่น คาดการณ์ความเสียหายเล็กน้อยต่ออาคารที่สร้างอย่างดี หาที่หลบภัยที่ปลอดภัย เตรียมพร้อมสำหรับแผ่นดินไหวตาม ติดตามข่าวสารเพื่อรับการอัปเดตและคำแนะนำ"
"ประเทศเมียนมา Myanmar",https://earthquake.tmd.go.th//EQ16858,19.44,97.71,10,2.2,2026-07-21T01:06:02.000Z,Asia/Bangkok,"[EN] Micro Earthquake (2.2 ML) - SAFETY ADVICE: No action required: These micro-earthquakes are rarely felt and pose no danger. They are only detectable by seismographs.

[TH] แผ่นดินไหวระดับMicro (2.2 ML) - คำแนะนำความปลอดภัย: ไม่จำเป็นต้องดำเนินการใดๆ: แผ่นดินไหวขนาดเล็กมากเหล่านี้แทบจะไม่รู้สึกและไม่ก่อให้เกิดอันตราย สามารถตรวจพบได้โดยเครื่องวัดแผ่นดินไหวเท่านั้น"
"ประเทศเมียนมา Myanmar",https://earthquake.tmd.go.th//EQ16857,19.52,97.65,5,2.4,2026-07-20T20:55:39.000Z,Asia/Bangkok,"[EN] Micro Earthquake (2.4 ML) - SAFETY ADVICE: No action required: These micro-earthquakes are rarely felt and pose no danger. They are only detectable by seismographs.

[TH] แผ่นดินไหวระดับMicro (2.4 ML) - คำแนะนำความปลอดภัย: ไม่จำเป็นต้องดำเนินการใดๆ: แผ่นดินไหวขนาดเล็กมากเหล่านี้แทบจะไม่รู้สึกและไม่ก่อให้เกิดอันตราย สามารถตรวจพบได้โดยเครื่องวัดแผ่นดินไหวเท่านั้น"
"ต.วังเหนือ อ.วังเหนือ จ.ลำปาง Tambon wang nuea, Amphoe WangNuea, Lampang",https://earthquake.tmd.go.th//EQ16856,19.15,99.65,10,1.8,2026-07-20T10:04:17.000Z,Asia/Bangkok,"[EN] Micro Earthquake (1.8 ML) - SAFETY ADVICE: No action required: These micro-earthquakes are rarely felt and pose no danger. They are only detectable by seismographs.

[TH] แผ่นดินไหวระดับMicro (1.8 ML) - คำแนะนำความปลอดภัย: ไม่จำเป็นต้องดำเนินการใดๆ: แผ่นดินไหวขนาดเล็กมากเหล่านี้แทบจะไม่รู้สึกและไม่ก่อให้เกิดอันตราย สามารถตรวจพบได้โดยเครื่องวัดแผ่นดินไหวเท่านั้น"
"ต.ดอยลาน อ.เมืองเชียงราย จ.เชียงราย Tambon Doi Lan, Amphoe MueangChiangRai, ChiangRai",https://earthquake.tmd.go.th//EQ16855,19.67,99.96,2,2,2026-07-20T05:31:26.000Z,Asia/Bangkok,"[EN] Micro Earthquake (2.0 ML) - SAFETY ADVICE: No action required: These micro-earthquakes are rarely felt and pose no danger. They are only detectable by seismographs.

[TH] แผ่นดินไหวระดับMicro (2.0 ML) - คำแนะนำความปลอดภัย: ไม่จำเป็นต้องดำเนินการใดๆ: แผ่นดินไหวขนาดเล็กมากเหล่านี้แทบจะไม่รู้สึกและไม่ก่อให้เกิดอันตราย สามารถตรวจพบได้โดยเครื่องวัดแผ่นดินไหวเท่านั้น"
"ประเทศลาว Laos",https://earthquake.tmd.go.th//EQ16854,19.41,101.38,2,2.1,2026-07-19T14:11:44.000Z,Asia/Bangkok,"[EN] Micro Earthquake (2.1 ML) - SAFETY ADVICE: No action required: These micro-earthquakes are rarely felt and pose no danger. They are only detectable by seismographs.

[TH] แผ่นดินไหวระดับMicro (2.1 ML) - คำแนะนำความปลอดภัย: ไม่จำเป็นต้องดำเนินการใดๆ: แผ่นดินไหวขนาดเล็กมากเหล่านี้แทบจะไม่รู้สึกและไม่ก่อให้เกิดอันตราย สามารถตรวจพบได้โดยเครื่องวัดแผ่นดินไหวเท่านั้น"
"ประเทศเมียนมา Myanmar",https://earthquake.tmd.go.th//EQ16853,19.88,97.95,10,2.3,2026-07-19T03:27:35.000Z,Asia/Bangkok,"[EN] Micro Earthquake (2.3 ML) - SAFETY ADVICE: No action required: These micro-earthquakes are rarely felt and pose no danger. They are only detectable by seismographs.

[TH] แผ่นดินไหวระดับMicro (2.3 ML) - คำแนะนำความปลอดภัย: ไม่จำเป็นต้องดำเนินการใดๆ: แผ่นดินไหวขนาดเล็กมากเหล่านี้แทบจะไม่รู้สึกและไม่ก่อให้เกิดอันตราย สามารถตรวจพบได้โดยเครื่องวัดแผ่นดินไหวเท่านั้น"
"ประเทศเมียนมา Myanmar",https://earthquake.tmd.go.th//EQ16852,22.47,96.22,10,4.1,2026-07-17T01:42:21.000Z,Asia/Bangkok,"[EN] Light Earthquake (4.1 ML) - SAFETY ADVICE: Stay alert: Be aware of possible light shaking. Secure loose objects that could fall. No immediate action typically needed, but be prepared to take cover if shaking intensifies.

[TH] แผ่นดินไหวระดับLight (4.1 ML) - คำแนะนำความปลอดภัย: เตรียมพร้อม: ระวังการสั่นไหวเล็กน้อยที่อาจเกิดขึ้น ยึดวัตถุที่อาจร่วงหล่น โดยทั่วไปไม่จำเป็นต้องดำเนินการทันที แต่เตรียมพร้อมที่จะหาที่กำบังหากการสั่นไหวรุนแรงขึ้น"
"ประเทศเมียนมา Myanmar",https://earthquake.tmd.go.th//EQ16851,22.1,96.85,14,5.2,2026-07-17T01:26:22.000Z,Asia/Bangkok,"[EN] Moderate Earthquake (5.2 ML) - SAFETY ADVICE: Take precautions: Stay away from objects that could fall. Expect minor damage to well-built structures. Find safe locations to shelter. Be prepared for aftershocks. Check news sources for updates and instructions.

[TH] แผ่นดินไหวระดับModerate (5.2 ML) - คำแนะนำความปลอดภัย: ใช้ความระมัดระวัง: อยู่ห่างจากวัตถุที่อาจร่วงหล่น คาดการณ์ความเสียหายเล็กน้อยต่ออาคารที่สร้างอย่างดี หาที่หลบภัยที่ปลอดภัย เตรียมพร้อมสำหรับแผ่นดินไหวตาม ติดตามข่าวสารเพื่อรับการอัปเดตและคำแนะนำ"
"ต.เวียงแหง อ.เวียงแหง จ.เชียงใหม่ Tambon Wiang Haeng, Amphoe WiangHaeng, ChiangMai",https://earthquake.tmd.go.th//EQ16850,19.55,98.62,10,2.2,2026-07-16T19:13:10.000Z,Asia/Bangkok,"[EN] Micro Earthquake (2.2 ML) - SAFETY ADVICE: No action required: These micro-earthquakes are rarely felt and pose no danger. They are only detectable by seismographs.

[TH] แผ่นดินไหวระดับMicro (2.2 ML) - คำแนะนำความปลอดภัย: ไม่จำเป็นต้องดำเนินการใดๆ: แผ่นดินไหวขนาดเล็กมากเหล่านี้แทบจะไม่รู้สึกและไม่ก่อให้เกิดอันตราย สามารถตรวจพบได้โดยเครื่องวัดแผ่นดินไหวเท่านั้น"
"มณฑลยูนนาน, ประเทศจีน Yunnan, China",https://earthquake.tmd.go.th//EQ16849,25.43,100.83,10,3.8,2026-07-16T12:54:26.000Z,Asia/Bangkok,"[EN] Minor Earthquake (3.8 ML) - SAFETY ADVICE: No special actions needed: Earthquake likely only felt by sensitive individuals at rest, especially on upper floors of buildings. Be mindful of your surroundings and stay informed.

[TH] แผ่นดินไหวระดับMinor (3.8 ML) - คำแนะนำความปลอดภัย: ไม่จำเป็นต้องดำเนินการพิเศษ: แผ่นดินไหวมักจะรู้สึกได้เฉพาะบุคคลที่ไวต่อความรู้สึกขณะพัก โดยเฉพาะบนชั้นบนของอาคาร ให้ระมัดระวังสิ่งรอบตัวและติดตามข้อมูล"
"ประเทศเมียนมา Myanmar",https://earthquake.tmd.go.th//EQ16848,17.94,96.7,10,2.6,2026-07-15T21:56:56.000Z,Asia/Bangkok,"[EN] Micro Earthquake (2.6 ML) - SAFETY ADVICE: No action required: These micro-earthquakes are rarely felt and pose no danger. They are only detectable by seismographs.

[TH] แผ่นดินไหวระดับMicro (2.6 ML) - คำแนะนำความปลอดภัย: ไม่จำเป็นต้องดำเนินการใดๆ: แผ่นดินไหวขนาดเล็กมากเหล่านี้แทบจะไม่รู้สึกและไม่ก่อให้เกิดอันตราย สามารถตรวจพบได้โดยเครื่องวัดแผ่นดินไหวเท่านั้น"
"ต.ถ้ำลอด อ.ปางมะผ้า จ.แม่ฮ่องสอน Tambon Tham Lot, Amphoe PangMapha, MaeHongSon",https://earthquake.tmd.go.th//EQ16847,19.58,98.27,7,2.1,2026-07-15T21:01:24.000Z,Asia/Bangkok,"[EN] Micro Earthquake (2.1 ML) - SAFETY ADVICE: No action required: These micro-earthquakes are rarely felt and pose no danger. They are only detectable by seismographs.

[TH] แผ่นดินไหวระดับMicro (2.1 ML) - คำแนะนำความปลอดภัย: ไม่จำเป็นต้องดำเนินการใดๆ: แผ่นดินไหวขนาดเล็กมากเหล่านี้แทบจะไม่รู้สึกและไม่ก่อให้เกิดอันตราย สามารถตรวจพบได้โดยเครื่องวัดแผ่นดินไหวเท่านั้น"
"ประเทศเมียนมา Myanmar",https://earthquake.tmd.go.th//EQ16846,21.11,93.62,10,4.2,2026-07-14T21:42:34.000Z,Asia/Bangkok,"[EN] Light Earthquake (4.2 ML) - SAFETY ADVICE: Stay alert: Be aware of possible light shaking. Secure loose objects that could fall. No immediate action typically needed, but be prepared to take cover if shaking intensifies.

[TH] แผ่นดินไหวระดับLight (4.2 ML) - คำแนะนำความปลอดภัย: เตรียมพร้อม: ระวังการสั่นไหวเล็กน้อยที่อาจเกิดขึ้น ยึดวัตถุที่อาจร่วงหล่น โดยทั่วไปไม่จำเป็นต้องดำเนินการทันที แต่เตรียมพร้อมที่จะหาที่กำบังหากการสั่นไหวรุนแรงขึ้น"
"ประเทศเวียดนาม Vietnam",https://earthquake.tmd.go.th//EQ16845,14.91,108.2,10,5.2,2026-07-14T06:48:07.000Z,Asia/Bangkok,"[EN] Moderate Earthquake (5.2 ML) - SAFETY ADVICE: Take precautions: Stay away from objects that could fall. Expect minor damage to well-built structures. Find safe locations to shelter. Be prepared for aftershocks. Check news sources for updates and instructions.

[TH] แผ่นดินไหวระดับModerate (5.2 ML) - คำแนะนำความปลอดภัย: ใช้ความระมัดระวัง: อยู่ห่างจากวัตถุที่อาจร่วงหล่น คาดการณ์ความเสียหายเล็กน้อยต่ออาคารที่สร้างอย่างดี หาที่หลบภัยที่ปลอดภัย เตรียมพร้อมสำหรับแผ่นดินไหวตาม ติดตามข่าวสารเพื่อรับการอัปเดตและคำแนะนำ"
"ประเทศเวียดนาม Vietnam",https://earthquake.tmd.go.th//EQ16844,14.96,108.2,10,4.5,2026-07-14T00:17:51.000Z,Asia/Bangkok,"[EN] Light Earthquake (4.5 ML) - SAFETY ADVICE: Stay alert: Be aware of possible light shaking. Secure loose objects that could fall. No immediate action typically needed, but be prepared to take cover if shaking intensifies.

[TH] แผ่นดินไหวระดับLight (4.5 ML) - คำแนะนำความปลอดภัย: เตรียมพร้อม: ระวังการสั่นไหวเล็กน้อยที่อาจเกิดขึ้น ยึดวัตถุที่อาจร่วงหล่น โดยทั่วไปไม่จำเป็นต้องดำเนินการทันที แต่เตรียมพร้อมที่จะหาที่กำบังหากการสั่นไหวรุนแรงขึ้น"
"ตอนเหนือของหมู่เกาะสุมาตรา ประเทศอินโดนีเซีย Northern Sumatra, Indonesia",https://earthquake.tmd.go.th//EQ16843,4.12,97.64,10,4.6,2026-07-12T16:40:29.000Z,Asia/Bangkok,"[EN] Light Earthquake (4.6 ML) - SAFETY ADVICE: Stay alert: Be aware of possible light shaking. Secure loose objects that could fall. No immediate action typically needed, but be prepared to take cover if shaking intensifies.

[TH] แผ่นดินไหวระดับLight (4.6 ML) - คำแนะนำความปลอดภัย: เตรียมพร้อม: ระวังการสั่นไหวเล็กน้อยที่อาจเกิดขึ้น ยึดวัตถุที่อาจร่วงหล่น โดยทั่วไปไม่จำเป็นต้องดำเนินการทันที แต่เตรียมพร้อมที่จะหาที่กำบังหากการสั่นไหวรุนแรงขึ้น"
"ต.น้ำแพร่  อ.พร้าว จ.เชียงใหม่ Tambon Nam Phrae, Amphoe Phrao, ChiangMai",https://earthquake.tmd.go.th//EQ16842,19.35,99.15,1,1.8,2026-07-12T12:15:34.000Z,Asia/Bangkok,"[EN] Micro Earthquake (1.8 ML) - SAFETY ADVICE: No action required: These micro-earthquakes are rarely felt and pose no danger. They are only detectable by seismographs.

[TH] แผ่นดินไหวระดับMicro (1.8 ML) - คำแนะนำความปลอดภัย: ไม่จำเป็นต้องดำเนินการใดๆ: แผ่นดินไหวขนาดเล็กมากเหล่านี้แทบจะไม่รู้สึกและไม่ก่อให้เกิดอันตราย สามารถตรวจพบได้โดยเครื่องวัดแผ่นดินไหวเท่านั้น"
"ประเทศเมียนมา Myanmar",https://earthquake.tmd.go.th//EQ16841,18.1,96.49,10,3.9,2026-07-12T08:07:34.000Z,Asia/Bangkok,"[EN] Minor Earthquake (3.9 ML) - SAFETY ADVICE: No special actions needed: Earthquake likely only felt by sensitive individuals at rest, especially on upper floors of buildings. Be mindful of your surroundings and stay informed.

[TH] แผ่นดินไหวระดับMinor (3.9 ML) - คำแนะนำความปลอดภัย: ไม่จำเป็นต้องดำเนินการพิเศษ: แผ่นดินไหวมักจะรู้สึกได้เฉพาะบุคคลที่ไวต่อความรู้สึกขณะพัก โดยเฉพาะบนชั้นบนของอาคาร ให้ระมัดระวังสิ่งรอบตัวและติดตามข้อมูล"
"ประเทศเมียนมา Myanmar",https://earthquake.tmd.go.th//EQ16840,18.03,97.09,10,2.4,2026-07-12T02:46:01.000Z,Asia/Bangkok,"[EN] Micro Earthquake (2.4 ML) - SAFETY ADVICE: No action required: These micro-earthquakes are rarely felt and pose no danger. They are only detectable by seismographs.

[TH] แผ่นดินไหวระดับMicro (2.4 ML) - คำแนะนำความปลอดภัย: ไม่จำเป็นต้องดำเนินการใดๆ: แผ่นดินไหวขนาดเล็กมากเหล่านี้แทบจะไม่รู้สึกและไม่ก่อให้เกิดอันตราย สามารถตรวจพบได้โดยเครื่องวัดแผ่นดินไหวเท่านั้น"
"ประเทศเมียนมา Myanmar",https://earthquake.tmd.go.th//EQ16839,22.5,96.17,10,4.4,2026-07-11T22:39:26.000Z,Asia/Bangkok,"[EN] Light Earthquake (4.4 ML) - SAFETY ADVICE: Stay alert: Be aware of possible light shaking. Secure loose objects that could fall. No immediate action typically needed, but be prepared to take cover if shaking intensifies.

[TH] แผ่นดินไหวระดับLight (4.4 ML) - คำแนะนำความปลอดภัย: เตรียมพร้อม: ระวังการสั่นไหวเล็กน้อยที่อาจเกิดขึ้น ยึดวัตถุที่อาจร่วงหล่น โดยทั่วไปไม่จำเป็นต้องดำเนินการทันที แต่เตรียมพร้อมที่จะหาที่กำบังหากการสั่นไหวรุนแรงขึ้น"
"ประเทศเมียนมา Myanmar",https://earthquake.tmd.go.th//EQ16838,18.8,96.33,10,3.3,2026-07-11T22:22:05.000Z,Asia/Bangkok,"[EN] Minor Earthquake (3.3 ML) - SAFETY ADVICE: No special actions needed: Earthquake likely only felt by sensitive individuals at rest, especially on upper floors of buildings. Be mindful of your surroundings and stay informed.

[TH] แผ่นดินไหวระดับMinor (3.3 ML) - คำแนะนำความปลอดภัย: ไม่จำเป็นต้องดำเนินการพิเศษ: แผ่นดินไหวมักจะรู้สึกได้เฉพาะบุคคลที่ไวต่อความรู้สึกขณะพัก โดยเฉพาะบนชั้นบนของอาคาร ให้ระมัดระวังสิ่งรอบตัวและติดตามข้อมูล"
"ประเทศเมียนมา Myanmar",https://earthquake.tmd.go.th//EQ16837,19.81,96.27,27,2.9,2026-07-11T22:10:27.000Z,Asia/Bangkok,"[EN] Micro Earthquake (2.9 ML) - SAFETY ADVICE: No action required: These micro-earthquakes are rarely felt and pose no danger. They are only detectable by seismographs.

[TH] แผ่นดินไหวระดับMicro (2.9 ML) - คำแนะนำความปลอดภัย: ไม่จำเป็นต้องดำเนินการใดๆ: แผ่นดินไหวขนาดเล็กมากเหล่านี้แทบจะไม่รู้สึกและไม่ก่อให้เกิดอันตราย สามารถตรวจพบได้โดยเครื่องวัดแผ่นดินไหวเท่านั้น"
"มณฑลยูนนาน, ประเทศจีน Yunnan, China",https://earthquake.tmd.go.th//EQ16836,25.47,100.09,10,4.1,2026-07-11T14:23:38.000Z,Asia/Bangkok,"[EN] Light Earthquake (4.1 ML) - SAFETY ADVICE: Stay alert: Be aware of possible light shaking. Secure loose objects that could fall. No immediate action typically needed, but be prepared to take cover if shaking intensifies.

[TH] แผ่นดินไหวระดับLight (4.1 ML) - คำแนะนำความปลอดภัย: เตรียมพร้อม: ระวังการสั่นไหวเล็กน้อยที่อาจเกิดขึ้น ยึดวัตถุที่อาจร่วงหล่น โดยทั่วไปไม่จำเป็นต้องดำเนินการทันที แต่เตรียมพร้อมที่จะหาที่กำบังหากการสั่นไหวรุนแรงขึ้น"
"พรมแดนประเทศเมียนมา - ประเทศจีน Myanmar - China Border Region",https://earthquake.tmd.go.th//EQ16835,24.17,98.42,10,3.7,2026-07-11T14:00:33.000Z,Asia/Bangkok,"[EN] Minor Earthquake (3.7 ML) - SAFETY ADVICE: No special actions needed: Earthquake likely only felt by sensitive individuals at rest, especially on upper floors of buildings. Be mindful of your surroundings and stay informed.

[TH] แผ่นดินไหวระดับMinor (3.7 ML) - คำแนะนำความปลอดภัย: ไม่จำเป็นต้องดำเนินการพิเศษ: แผ่นดินไหวมักจะรู้สึกได้เฉพาะบุคคลที่ไวต่อความรู้สึกขณะพัก โดยเฉพาะบนชั้นบนของอาคาร ให้ระมัดระวังสิ่งรอบตัวและติดตามข้อมูล"
"มณฑลยูนนาน, ประเทศจีน Yunnan, China",https://earthquake.tmd.go.th//EQ16834,24.41,99.64,3,4.2,2026-07-11T11:15:03.000Z,Asia/Bangkok,"[EN] Light Earthquake (4.2 ML) - SAFETY ADVICE: Stay alert: Be aware of possible light shaking. Secure loose objects that could fall. No immediate action typically needed, but be prepared to take cover if shaking intensifies.

[TH] แผ่นดินไหวระดับLight (4.2 ML) - คำแนะนำความปลอดภัย: เตรียมพร้อม: ระวังการสั่นไหวเล็กน้อยที่อาจเกิดขึ้น ยึดวัตถุที่อาจร่วงหล่น โดยทั่วไปไม่จำเป็นต้องดำเนินการทันที แต่เตรียมพร้อมที่จะหาที่กำบังหากการสั่นไหวรุนแรงขึ้น"
"มณฑลยูนนาน, ประเทศจีน Yunnan, China",https://earthquake.tmd.go.th//EQ16833,25.37,100.14,3,4.8,2026-07-11T11:09:41.000Z,Asia/Bangkok,"[EN] Light Earthquake (4.8 ML) - SAFETY ADVICE: Stay alert: Be aware of possible light shaking. Secure loose objects that could fall. No immediate action typically needed, but be prepared to take cover if shaking intensifies.

[TH] แผ่นดินไหวระดับLight (4.8 ML) - คำแนะนำความปลอดภัย: เตรียมพร้อม: ระวังการสั่นไหวเล็กน้อยที่อาจเกิดขึ้น ยึดวัตถุที่อาจร่วงหล่น โดยทั่วไปไม่จำเป็นต้องดำเนินการทันที แต่เตรียมพร้อมที่จะหาที่กำบังหากการสั่นไหวรุนแรงขึ้น"
"ตอนเหนือของหมู่เกาะสุมาตรา ประเทศอินโดนีเซีย Northern Sumatra, Indonesia",https://earthquake.tmd.go.th//EQ16832,4.69,95.3,10,4.2,2026-07-11T07:41:21.000Z,Asia/Bangkok,"[EN] Light Earthquake (4.2 ML) - SAFETY ADVICE: Stay alert: Be aware of possible light shaking. Secure loose objects that could fall. No immediate action typically needed, but be prepared to take cover if shaking intensifies.

[TH] แผ่นดินไหวระดับLight (4.2 ML) - คำแนะนำความปลอดภัย: เตรียมพร้อม: ระวังการสั่นไหวเล็กน้อยที่อาจเกิดขึ้น ยึดวัตถุที่อาจร่วงหล่น โดยทั่วไปไม่จำเป็นต้องดำเนินการทันที แต่เตรียมพร้อมที่จะหาที่กำบังหากการสั่นไหวรุนแรงขึ้น"
"ประเทศเมียนมา Myanmar",https://earthquake.tmd.go.th//EQ16830,19.76,96.43,10,2.4,2026-07-10T20:16:25.000Z,Asia/Bangkok,"[EN] Micro Earthquake (2.4 ML) - SAFETY ADVICE: No action required: These micro-earthquakes are rarely felt and pose no danger. They are only detectable by seismographs.

[TH] แผ่นดินไหวระดับMicro (2.4 ML) - คำแนะนำความปลอดภัย: ไม่จำเป็นต้องดำเนินการใดๆ: แผ่นดินไหวขนาดเล็กมากเหล่านี้แทบจะไม่รู้สึกและไม่ก่อให้เกิดอันตราย สามารถตรวจพบได้โดยเครื่องวัดแผ่นดินไหวเท่านั้น"
"หมู่เกาะอันดามัน ประเทศอินเดีย Andaman Islands, India Region",https://earthquake.tmd.go.th//EQ16831,12.95,93.53,10,3.3,2026-07-10T20:07:15.000Z,Asia/Bangkok,"[EN] Minor Earthquake (3.3 ML) - SAFETY ADVICE: No special actions needed: Earthquake likely only felt by sensitive individuals at rest, especially on upper floors of buildings. Be mindful of your surroundings and stay informed.

[TH] แผ่นดินไหวระดับMinor (3.3 ML) - คำแนะนำความปลอดภัย: ไม่จำเป็นต้องดำเนินการพิเศษ: แผ่นดินไหวมักจะรู้สึกได้เฉพาะบุคคลที่ไวต่อความรู้สึกขณะพัก โดยเฉพาะบนชั้นบนของอาคาร ให้ระมัดระวังสิ่งรอบตัวและติดตามข้อมูล"
"ประเทศเมียนมา Myanmar",https://earthquake.tmd.go.th//EQ16829,21.75,94.52,82,3.8,2026-07-10T18:50:50.000Z,Asia/Bangkok,"[EN] Minor Earthquake (3.8 ML) - SAFETY ADVICE: No special actions needed: Earthquake likely only felt by sensitive individuals at rest, especially on upper floors of buildings. Be mindful of your surroundings and stay informed.

[TH] แผ่นดินไหวระดับMinor (3.8 ML) - คำแนะนำความปลอดภัย: ไม่จำเป็นต้องดำเนินการพิเศษ: แผ่นดินไหวมักจะรู้สึกได้เฉพาะบุคคลที่ไวต่อความรู้สึกขณะพัก โดยเฉพาะบนชั้นบนของอาคาร ให้ระมัดระวังสิ่งรอบตัวและติดตามข้อมูล"
"พรมแดนประเทศเมียนมา - ประเทศอินเดีย Myanmar - India Border Region",https://earthquake.tmd.go.th//EQ16828,23.61,94.62,92,4.3,2026-07-10T13:29:43.000Z,Asia/Bangkok,"[EN] Light Earthquake (4.3 ML) - SAFETY ADVICE: Stay alert: Be aware of possible light shaking. Secure loose objects that could fall. No immediate action typically needed, but be prepared to take cover if shaking intensifies.

[TH] แผ่นดินไหวระดับLight (4.3 ML) - คำแนะนำความปลอดภัย: เตรียมพร้อม: ระวังการสั่นไหวเล็กน้อยที่อาจเกิดขึ้น ยึดวัตถุที่อาจร่วงหล่น โดยทั่วไปไม่จำเป็นต้องดำเนินการทันที แต่เตรียมพร้อมที่จะหาที่กำบังหากการสั่นไหวรุนแรงขึ้น"
"ประเทศเมียนมา Myanmar",https://earthquake.tmd.go.th//EQ16827,19.83,97.87,10,1.8,2026-07-10T13:19:48.000Z,Asia/Bangkok,"[EN] Micro Earthquake (1.8 ML) - SAFETY ADVICE: No action required: These micro-earthquakes are rarely felt and pose no danger. They are only detectable by seismographs.

[TH] แผ่นดินไหวระดับMicro (1.8 ML) - คำแนะนำความปลอดภัย: ไม่จำเป็นต้องดำเนินการใดๆ: แผ่นดินไหวขนาดเล็กมากเหล่านี้แทบจะไม่รู้สึกและไม่ก่อให้เกิดอันตราย สามารถตรวจพบได้โดยเครื่องวัดแผ่นดินไหวเท่านั้น"
"ต.สว่างอารมณ์  อ.ดอกคำใต้ จ.พะเยา Tambon Sawang Arom, Amphoe DokKhamtai, Phayao",https://earthquake.tmd.go.th//EQ16826,19.18,100,1,2.4,2026-07-10T08:05:40.000Z,Asia/Bangkok,"[EN] Micro Earthquake (2.4 ML) - SAFETY ADVICE: No action required: These micro-earthquakes are rarely felt and pose no danger. They are only detectable by seismographs.

[TH] แผ่นดินไหวระดับMicro (2.4 ML) - คำแนะนำความปลอดภัย: ไม่จำเป็นต้องดำเนินการใดๆ: แผ่นดินไหวขนาดเล็กมากเหล่านี้แทบจะไม่รู้สึกและไม่ก่อให้เกิดอันตราย สามารถตรวจพบได้โดยเครื่องวัดแผ่นดินไหวเท่านั้น"
"ประเทศเมียนมา Myanmar",https://earthquake.tmd.go.th//EQ16825,20.08,96.45,10,2.8,2026-07-09T06:57:07.000Z,Asia/Bangkok,"[EN] Micro Earthquake (2.8 ML) - SAFETY ADVICE: No action required: These micro-earthquakes are rarely felt and pose no danger. They are only detectable by seismographs.

[TH] แผ่นดินไหวระดับMicro (2.8 ML) - คำแนะนำความปลอดภัย: ไม่จำเป็นต้องดำเนินการใดๆ: แผ่นดินไหวขนาดเล็กมากเหล่านี้แทบจะไม่รู้สึกและไม่ก่อให้เกิดอันตราย สามารถตรวจพบได้โดยเครื่องวัดแผ่นดินไหวเท่านั้น"
"ประเทศเมียนมา Myanmar",https://earthquake.tmd.go.th//EQ16824,20.05,97.89,10,2.2,2026-07-08T23:08:04.000Z,Asia/Bangkok,"[EN] Micro Earthquake (2.2 ML) - SAFETY ADVICE: No action required: These micro-earthquakes are rarely felt and pose no danger. They are only detectable by seismographs.

[TH] แผ่นดินไหวระดับMicro (2.2 ML) - คำแนะนำความปลอดภัย: ไม่จำเป็นต้องดำเนินการใดๆ: แผ่นดินไหวขนาดเล็กมากเหล่านี้แทบจะไม่รู้สึกและไม่ก่อให้เกิดอันตราย สามารถตรวจพบได้โดยเครื่องวัดแผ่นดินไหวเท่านั้น"
"ประเทศเมียนมา Myanmar",https://earthquake.tmd.go.th//EQ16823,20.37,94.29,13,3.4,2026-07-08T17:56:36.000Z,Asia/Bangkok,"[EN] Minor Earthquake (3.4 ML) - SAFETY ADVICE: No special actions needed: Earthquake likely only felt by sensitive individuals at rest, especially on upper floors of buildings. Be mindful of your surroundings and stay informed.

[TH] แผ่นดินไหวระดับMinor (3.4 ML) - คำแนะนำความปลอดภัย: ไม่จำเป็นต้องดำเนินการพิเศษ: แผ่นดินไหวมักจะรู้สึกได้เฉพาะบุคคลที่ไวต่อความรู้สึกขณะพัก โดยเฉพาะบนชั้นบนของอาคาร ให้ระมัดระวังสิ่งรอบตัวและติดตามข้อมูล"
